url,domain,target_brand_domain,critical_sector_entity_name,source_label,source_file,source_row,detection_date,evidence_file,sandbox_verdict,sandbox_reason,application_id,source_of_detection,having_ip,have_at_symbol,url_length,url_depth,redirection,http_domain,tiny_url,prefix_suffix,digit_count,special_char_count,entropy,lexical_similarity_score,min_edit_distance_to_brand_domain,homoglyph_similarity_score,brand_token_in_subdomain,brand_token_in_path,brand_not_in_registered_domain,subdomain_depth,matched_brand_domain,registered_domain,dns_check_pass,dns_resolves_to_ip,resolved_ips,cname_exists,cname_chain_length,nameserver_reputation_score,passive_dns_first_seen_days,domain_age_days,domain_expiry_days,registrar_reputation_score,asn_reputation_score,ip_seen_with_many_brands,https_enabled,ssl_valid,cert_age_days,ct_log_first_seen_days,url_fetch_success,page_fetch_success,redirect_count,redirect_cross_domain_count,page_render_success,has_login_form,has_password_input,form_action_external,brand_token_or_logo_present,logo_detected,logo_brand_matches_target_brand,logo_brand_domain_mismatch,visual_brand_domain_mismatch,favicon_hash,favicon_hash_matches_target_brand,favicon_hash_matches_known_phish,html_dom_hash,html_dom_hash_matches_known_phish,same_html_hash_domain_count_7d,fetch_status_code,fetch_error,dns_error,tls_error,dns_status,http_status,tls_status,page_status,rdap_status,whois_status,extraction_status,high_lexical_similarity,no_login_form,no_brand_visual_claim,suspected_inactive,suspected_active_infra,suspected_active_no_phish_evidence,phishing,phishing_campaign,validation_status,validation_reason,label_conflict,include_in_ml,label
https://airtel.black,airtel.black,airtel.in,Airtel,unlabeled,cse_pu_candidates.csv,2,03-05-2026,,,,,local_lexical_candidates,0,0,20,0,0,0,0,0,0,0,3.784183719779189,1.0,0,1.0,0,0,0,0,airtel.in,airtel.black,1,1,104.21.58.158;172.67.161.139;2606:4700:3030::ac43:a18b;2606:4700:3037::6815:3a9e,0,0,8,-1,32,333,8,8,0,1,1,32,-1,1,1,0,0,1,0,0,0,1,0,0,1,1,,0,0,5ef80f9c9c964276,0,1,200,,CNAME:NoAnswer,,success,success,success,success,success,skipped,complete,1,1,0,0,0,0,1,0,phishing,visual brand-domain mismatch,0,1,1
https://airtelblackout.in,airtelblackout.in,airindia.com,Air India,unlabeled,cse_pu_candidates.csv,3,03-05-2026,,,,,local_lexical_candidates,0,0,25,0,0,0,0,0,0,0,4.003856189774725,0.85,0,0.85,0,0,0,0,airindia.com,airtelblackout.in,1,1,216.198.79.1,0,0,8,-1,33,332,6,6,1,1,1,33,-1,0,0,0,0,0,0,0,0,0,0,0,0,0,,0,0,5ef070c84427368e,0,1,404,,AAAA:NoAnswer;CNAME:NoAnswer,,success,http_404,success,success,success,skipped,partial,1,1,1,0,1,0,0,0,suspected_active_infra,DNS active but page fetch failed,0,1,0
https://airti.net,airti.net,airindia.com,Air India,unlabeled,cse_pu_candidates.csv,4,03-05-2026,,,,,local_lexical_candidates,0,0,17,0,0,0,0,0,0,0,3.3815804883091634,0.85,0,0.85,0,0,0,0,airindia.com,airti.net,1,1,104.21.58.34;172.67.199.123;2606:4700:3030::6815:3a22;2606:4700:3037::ac43:c77b,0,0,8,-1,31,334,6,8,0,1,1,31,-1,1,1,0,0,1,0,0,0,1,0,0,1,1,,0,0,93142c25ad4fdb36,0,2,200,,CNAME:NoAnswer,,success,success,success,success,success,skipped,complete,1,1,0,0,0,0,1,0,phishing,visual brand-domain mismatch,0,1,1
https://axis-authorized-partner.com,axis-authorized-partner.com,axis.bank.in,Axis Bank,unlabeled,cse_pu_candidates.csv,5,03-05-2026,,,,,local_lexical_candidates,0,0,35,0,0,0,0,1,0,2,4.171860873964197,0.85,0,0.85,0,0,0,0,axis.bank.in,axis-authorized-partner.com,1,1,104.21.92.63;172.67.187.157;2606:4700:3031::6815:5c3f;2606:4700:3035::ac43:bb9d,0,0,8,-1,32,333,6,-1,0,1,1,32,-1,1,1,0,0,1,1,0,0,1,1,1,1,1,ea6a97921ab4b2d2,0,0,2edbdb7c10b01ab0,0,1,200,,CNAME:NoAnswer,,success,success,success,success,success,skipped,complete,1,0,0,0,0,0,1,0,phishing,visual brand-domain mismatch,0,1,1
https://axis-ember.ru,axis-ember.ru,axis.bank.in,Axis Bank,unlabeled,cse_pu_candidates.csv,6,03-05-2026,,,,,local_lexical_candidates,0,0,21,0,0,0,0,1,0,1,3.916126946588284,0.85,0,0.85,0,0,0,0,axis.bank.in,axis-ember.ru,1,1,51.210.247.54,0,0,6,-1,33,332,6,6,0,1,0,-1,-1,1,1,0,0,1,1,0,0,0,0,0,0,0,,0,0,2ff403f29af51e36,0,2,200,,AAAA:NoAnswer;CNAME:NoAnswer,SSLCertVerificationError,success,success,invalid,success,unavailable,success,partial,1,0,1,0,0,0,0,0,suspected_unconfirmed,high lexical similarity but insufficient phishing evidence,0,1,0
https://axis-haven.ru,axis-haven.ru,axis.bank.in,Axis Bank,unlabeled,cse_pu_candidates.csv,7,03-05-2026,,,,,local_lexical_candidates,0,0,21,0,0,0,0,1,0,1,3.916126946588284,0.85,0,0.85,0,0,0,0,axis.bank.in,axis-haven.ru,1,1,162.19.231.77,0,0,6,-1,33,332,6,6,0,1,0,-1,-1,0,0,0,0,0,0,0,0,0,0,0,0,0,,0,0,a80124a6bde254d4,0,5,403,,AAAA:NoAnswer;CNAME:NoAnswer,SSLCertVerificationError,success,http_403,invalid,success,unavailable,success,partial,1,1,1,0,1,0,0,0,suspected_active_infra,DNS active but page fetch failed,0,1,0
https://axis-quill.ru,axis-quill.ru,axis.bank.in,Axis Bank,unlabeled,cse_pu_candidates.csv,8,03-05-2026,,,,,local_lexical_candidates,0,0,21,0,0,0,0,1,0,1,3.8208888513501886,0.85,0,0.85,0,0,0,0,axis.bank.in,axis-quill.ru,1,1,148.113.192.238,0,0,6,-1,33,332,6,6,0,1,0,-1,-1,0,0,0,0,0,0,0,0,0,0,0,0,0,,0,0,a80124a6bde254d4,0,5,403,,AAAA:NoAnswer;CNAME:NoAnswer,SSLCertVerificationError,success,http_403,invalid,success,unavailable,success,partial,1,1,1,0,1,0,0,0,suspected_active_infra,DNS active but page fetch failed,0,1,0
https://bi-axis.net,bi-axis.net,axis.bank.in,Axis Bank,unlabeled,cse_pu_candidates.csv,9,03-05-2026,,,,,local_lexical_candidates,0,0,19,0,0,0,0,1,0,1,3.6818808028034034,0.85,0,0.85,0,0,0,0,axis.bank.in,bi-axis.net,1,1,34.111.141.225,0,0,6,-1,33,332,6,8,0,1,1,18,-1,1,1,0,0,1,0,0,0,1,0,0,1,1,,0,0,f7e3fb3620901db4,0,1,200,,AAAA:NoAnswer;CNAME:NoAnswer,,success,success,success,success,success,skipped,complete,1,1,0,0,0,0,1,0,phishing,visual brand-domain mismatch,0,1,1
https://casinolineuk.com,casinolineuk.com,camsonline.com,Computer Age Management Services Ltd. (CAMS),unlabeled,cse_pu_candidates.csv,10,03-05-2026,,,,,local_lexical_candidates,0,0,24,0,0,0,0,0,0,0,4.001629167387823,0.8,2,0.8,0,0,1,0,camsonline.com,casinolineuk.com,1,1,216.150.1.1;216.150.1.193,0,0,6,-1,32,333,6,6,0,1,1,32,-1,1,1,1,0,1,0,0,0,0,0,0,0,0,,0,0,4de912a5cdbe62e0,0,1,200,,AAAA:NoAnswer;CNAME:NoAnswer,,success,success,success,success,success,skipped,complete,1,1,1,0,0,1,0,0,suspected_active_no_phish_evidence,active page without login form or brand visual claim,0,1,0
https://dinftech.com,dinftech.com,kfintech.com,Kfintech,unlabeled,cse_pu_candidates.csv,11,03-05-2026,,,,,local_lexical_candidates,0,0,20,0,0,0,0,0,0,0,3.784183719779189,0.833333,3,0.833333,0,0,1,0,kfintech.com,dinftech.com,1,1,102.218.215.137,0,0,6,-1,32,333,6,-1,0,1,0,-1,-1,1,1,0,0,1,1,0,0,0,0,0,0,0,,0,0,33ebadb22b50df3f,0,1,200,,AAAA:NoAnswer;CNAME:NoAnswer,SSLCertVerificationError,success,success,invalid,success,success,skipped,partial,1,0,1,0,0,0,0,0,suspected_unconfirmed,high lexical similarity but insufficient phishing evidence,0,1,0
https://fable-axis.ru,fable-axis.ru,axis.bank.in,Axis Bank,unlabeled,cse_pu_candidates.csv,12,03-05-2026,,,,,local_lexical_candidates,0,0,21,0,0,0,0,1,0,1,4.011365041826379,0.85,0,0.85,0,0,0,0,axis.bank.in,fable-axis.ru,1,1,51.210.247.54,0,0,6,-1,33,332,6,6,0,1,0,-1,-1,1,1,0,0,1,1,0,0,0,0,0,0,0,,0,0,2ff403f29af51e36,0,2,200,,AAAA:NoAnswer;CNAME:NoAnswer,SSLCertVerificationError,success,success,invalid,success,unavailable,success,partial,1,0,1,0,0,0,0,0,suspected_unconfirmed,high lexical similarity but insufficient phishing evidence,0,1,0
https://fintechssa.com,fintechssa.com,sac.gov.in,,unlabeled,cse_pu_candidates.csv,13,03-05-2026,,,,,local_lexical_candidates,0,0,22,0,0,0,0,0,0,0,3.7544418457133455,0.85,0,0.85,0,0,1,0,sac.gov.in,fintechssa.com,1,1,128.203.103.224,0,0,6,-1,32,1064,8,6,0,1,1,24,-1,1,1,0,0,1,0,0,0,0,0,0,0,0,f8c19725cb36cc1a,0,0,97026d8dd989dbb4,0,1,200,,AAAA:NoAnswer;CNAME:NoAnswer,,success,success,success,success,success,skipped,complete,1,1,1,0,0,1,0,0,suspected_active_no_phish_evidence,active page without login form or brand visual claim,0,1,0
https://incomeliquidai.world,incomeliquidai.world,incometax.gov.in,Income Tax Department,unlabeled,cse_pu_candidates.csv,14,03-05-2026,,,,,local_lexical_candidates,0,0,28,0,0,0,0,0,0,0,4.164497779200461,0.85,0,0.85,0,0,0,0,incometax.gov.in,incomeliquidai.world,1,1,104.21.56.101;172.67.183.195;2606:4700:3037::6815:3865;2606:4700:3037::ac43:b7c3,0,0,8,-1,31,334,4,8,0,1,1,31,-1,1,1,0,0,1,1,0,0,1,0,0,1,1,,0,0,76eb0a57b0db13ab,0,1,200,,CNAME:NoAnswer,,success,success,success,success,success,skipped,complete,1,0,0,0,0,0,1,0,phishing,visual brand-domain mismatch,0,1,1
https://indiandie.com,indiandie.com,iocl.com,Indian Oil Corporation Limited (IOCL),unlabeled,cse_pu_candidates.csv,15,03-05-2026,,,,,local_lexical_candidates,0,0,21,0,0,0,0,0,0,0,3.7849418274376427,0.85,0,0.85,0,0,0,0,iocl.com,indiandie.com,1,1,2a02:4780:11:1428:0:ec9:3b68:10;46.28.45.209,0,0,4,-1,32,333,8,4,0,1,1,19,-1,1,1,0,0,1,0,0,0,0,0,0,0,0,c476e4d71a993b88,0,0,0189068addc98648,0,2,200,,CNAME:NoAnswer,,success,success,success,success,success,skipped,complete,1,1,1,0,0,1,0,0,suspected_active_no_phish_evidence,active page without login form or brand visual claim,0,1,0
https://indigo-axis.ru,indigo-axis.ru,axis.bank.in,Axis Bank,unlabeled,cse_pu_candidates.csv,16,03-05-2026,,,,,local_lexical_candidates,0,0,22,0,0,0,0,1,0,1,3.970573095811685,0.85,0,0.85,0,0,0,0,axis.bank.in,indigo-axis.ru,1,1,142.44.241.236,0,0,6,-1,33,332,6,-1,0,1,0,-1,-1,0,0,0,0,0,0,0,0,0,0,0,0,0,,0,0,a80124a6bde254d4,0,5,403,,AAAA:NoAnswer;CNAME:NoAnswer,SSLCertVerificationError,success,http_403,invalid,success,unavailable,success,partial,1,1,1,0,1,0,0,0,suspected_active_infra,DNS active but page fetch failed,0,1,0
https://kemsonline.com,kemsonline.com,camsonline.com,Computer Age Management Services Ltd. (CAMS),unlabeled,cse_pu_candidates.csv,17,03-05-2026,,,,,local_lexical_candidates,0,0,22,0,0,0,0,0,0,0,3.8230679822736615,0.857143,2,0.857143,0,0,1,0,camsonline.com,kemsonline.com,1,1,2.57.91.91,0,0,4,-1,32,333,6,4,1,1,1,32,-1,1,1,0,0,1,0,0,0,1,0,0,1,1,,0,0,62d827012f87b261,0,5,200,,AAAA:NoAnswer;CNAME:NoAnswer,,success,success,success,success,success,skipped,complete,1,1,0,0,0,0,1,0,phishing,visual brand-domain mismatch,0,1,1
https://med-axis.kz,med-axis.kz,axis.bank.in,Axis Bank,unlabeled,cse_pu_candidates.csv,18,03-05-2026,,,,,local_lexical_candidates,0,0,19,0,0,0,0,1,0,1,3.9321380397593755,0.85,0,0.85,0,0,0,0,axis.bank.in,med-axis.kz,1,1,216.198.79.65;64.29.17.1,0,0,-1,-1,-1,-1,-1,-1,0,1,1,32,-1,1,1,1,0,1,0,0,0,1,0,0,1,1,,0,0,eead69575ffd3fff,0,1,200,,AAAA:NoAnswer;CNAME:NoAnswer,,success,success,success,success,unavailable,error,partial,1,1,0,0,0,0,1,0,phishing,visual brand-domain mismatch,0,1,1
https://qjiog.com,qjiog.com,jio.com,Jio,unlabeled,cse_pu_candidates.csv,19,03-05-2026,,,,,local_lexical_candidates,0,0,17,0,0,0,0,0,0,0,3.7345216647797517,0.875,0,0.875,0,0,0,0,jio.com,qjiog.com,1,1,191.214.163.43,0,0,6,-1,32,333,6,-1,0,1,1,20,-1,1,1,2,0,1,1,0,1,0,0,0,0,0,c1b7457e155a155a,0,0,6ca7789915e90fa5,0,1,200,,AAAA:NoAnswer;CNAME:NoAnswer,,success,success,success,success,success,skipped,complete,1,0,1,0,0,0,0,0,suspected_unconfirmed,high lexical similarity but insufficient phishing evidence,0,1,0
https://quaranta-sbi.ch,quaranta-sbi.ch,onlinesbi.sbi.bank.in,,unlabeled,cse_pu_candidates.csv,20,03-05-2026,,,,,local_lexical_candidates,0,0,23,0,0,0,0,1,0,1,3.8492239123906247,0.85,0,0.85,0,0,0,0,onlinesbi.sbi.bank.in,quaranta-sbi.ch,1,1,217.26.60.81;2a00:d70:0:b:2002:0:d91a:3c51,0,0,-1,-1,-1,-1,-1,-1,0,1,1,31,-1,0,0,0,0,0,0,0,0,0,0,0,0,0,,0,0,a80124a6bde254d4,0,5,403,,CNAME:NoAnswer,,success,http_403,success,success,unavailable,success,partial,1,1,1,0,1,0,0,0,suspected_active_infra,DNS active but page fetch failed,0,1,0
https://rbi.kaufen,rbi.kaufen,rbi.org.in,,unlabeled,cse_pu_candidates.csv,21,03-05-2026,,,,,local_lexical_candidates,0,0,18,0,0,0,0,0,0,0,3.9477027792200903,1.0,0,1.0,0,0,0,0,rbi.org.in,rbi.kaufen,1,1,91.195.240.123,0,0,6,-1,32,333,6,-1,1,1,1,31,-1,0,0,0,0,0,0,0,0,0,0,0,0,0,,0,0,,0,0,436,,AAAA:NoAnswer;CNAME:NoAnswer,,success,http_436,success,empty,success,skipped,partial,1,1,1,0,1,0,0,0,suspected_active_infra,DNS active but page fetch failed,0,1,0
https://sibfm.com,sibfm.com,sbimf.com,,unlabeled,cse_pu_candidates.csv,22,03-05-2026,,,,,local_lexical_candidates,0,0,17,0,0,0,0,0,0,0,3.6168746059562222,0.777778,3,0.777778,0,0,1,0,sbimf.com,sibfm.com,1,1,173.249.187.111,0,0,6,-1,32,333,6,-1,0,1,0,-1,-1,1,1,0,0,1,0,0,0,0,1,0,0,0,,0,0,76e7092ff5389649,0,1,200,,AAAA:NoAnswer;CNAME:NoAnswer,SSLCertVerificationError,success,success,invalid,success,success,skipped,partial,1,1,1,0,0,1,0,0,suspected_active_no_phish_evidence,active page without login form or brand visual claim,0,1,0
https://sicadu.com,sicadu.com,sbicard.com,,unlabeled,cse_pu_candidates.csv,23,03-05-2026,,,,,local_lexical_candidates,0,0,18,0,0,0,0,0,0,0,3.725480556997868,0.857143,3,0.857143,0,0,1,0,sbicard.com,sicadu.com,1,1,199.188.201.223,0,0,4,-1,32,333,6,-1,0,1,0,-1,-1,1,1,0,0,1,1,0,0,0,1,0,0,0,cc31649971ee519b,0,0,f6e1dfb696d32dd5,0,2,200,,AAAA:NoAnswer;CNAME:NoAnswer,SSLCertVerificationError,success,success,invalid,success,success,skipped,partial,1,0,1,0,0,0,0,0,suspected_unconfirmed,high lexical similarity but insufficient phishing evidence,0,1,0
https://vortex-axis.ru,vortex-axis.ru,axis.bank.in,Axis Bank,unlabeled,cse_pu_candidates.csv,24,03-05-2026,,,,,local_lexical_candidates,0,0,22,0,0,0,0,1,0,1,3.8796640049025943,0.85,0,0.85,0,0,0,0,axis.bank.in,vortex-axis.ru,1,1,51.75.202.145,0,0,6,-1,33,332,6,-1,0,1,0,-1,-1,0,0,0,0,0,0,0,0,0,0,0,0,0,,0,0,a80124a6bde254d4,0,5,403,,AAAA:NoAnswer;CNAME:NoAnswer,SSLCertVerificationError,success,http_403,invalid,success,unavailable,success,partial,1,1,1,0,1,0,0,0,suspected_active_infra,DNS active but page fetch failed,0,1,0
https://vuidai.com,vuidai.com,uidai.gov.in,Unique Identification Authority of India (UIDAI),unlabeled,cse_pu_candidates.csv,25,03-05-2026,,,,,local_lexical_candidates,0,0,18,0,0,0,0,0,0,0,3.836591668108979,0.909091,0,0.909091,0,0,0,0,uidai.gov.in,vuidai.com,1,1,91.195.240.123,0,0,6,-1,32,333,6,-1,1,1,1,32,-1,0,0,0,0,0,0,0,0,0,0,0,0,0,,0,0,,0,0,436,,AAAA:NoAnswer;CNAME:NoAnswer,,success,http_436,success,empty,success,skipped,partial,1,1,1,0,1,0,0,0,suspected_active_infra,DNS active but page fetch failed,0,1,0
https://xn--vakantiehuisren-pnb.be,xn--vakantiehuisren-pnb.be,pnb.bank.in,Punjab National Bank (PNB),unlabeled,cse_pu_candidates.csv,26,03-05-2026,,,,,local_lexical_candidates,0,0,34,0,0,0,0,1,0,3,4.02085512047121,0.85,0,0.85,0,0,0,0,pnb.bank.in,xn--vakantiehuisren-pnb.be,1,1,185.230.63.107;185.230.63.171;185.230.63.186,0,0,6,-1,46,-1,-1,-1,0,1,1,46,-1,0,0,0,0,0,0,0,0,0,0,0,0,0,b333cc9999268b99,0,0,2a6d060005a7c7e4,0,1,404,,AAAA:NoAnswer;CNAME:NoAnswer,,success,http_404,success,success,unavailable,success,partial,1,1,1,0,1,0,0,0,suspected_active_infra,DNS active but page fetch failed,0,1,0
https://insightaxis.org/,insightaxis.org,axis.bank.in,Axis Bank,unlabeled,cse_pu_candidates.csv,27,03-05-2026,,,,,local_lexical_candidates,0,0,24,1,0,0,0,0,0,0,3.6258145836939115,0.85,0,0.85,0,0,0,0,axis.bank.in,insightaxis.org,1,1,13.248.243.5;76.223.105.230,0,0,6,-1,32,333,8,8,1,1,1,10,-1,1,1,0,0,1,0,0,0,1,0,0,1,1,,0,0,67109d3e8af6e341,0,1,200,,AAAA:NoAnswer;CNAME:NoAnswer,,success,success,success,success,success,skipped,complete,1,1,0,0,0,0,1,0,phishing,visual brand-domain mismatch,0,1,1
https://axismalaysia-com.l.ink/,axismalaysia-com.l.ink,axis.bank.in,Axis Bank,unlabeled,cse_pu_candidates.csv,28,03-05-2026,,,,,local_lexical_candidates,0,0,31,1,0,0,0,1,0,1,3.977916874693636,0.85,0,0.85,1,0,1,1,axis.bank.in,l.ink,1,1,34.223.35.249;44.236.33.218,1,1,6,-1,1580,2072,4,-1,0,1,1,62,-1,1,1,0,0,1,0,0,0,1,1,0,1,1,,0,0,f1d8b2775072733f,0,1,200,,AAAA:NoAnswer;CNAME:NoAnswer,,success,success,success,success,success,skipped,complete,1,1,0,0,0,0,1,0,phishing,visual brand-domain mismatch,0,1,1
https://cannabra.com,cannabra.com,canarabank.com,Canara Bank,unlabeled,cse_pu_candidates.csv,36,03-05-2026,,,,,local_lexical_candidates,0,0,20,0,0,0,0,0,0,0,3.684183719779189,0.769231,3,0.769231,0,0,1,0,canarabank.com,cannabra.com,1,1,2600:1f18:4ae:c605:f094:2a0a:4985:526e;2600:1f18:4ae:c606:def:b9d9:eb9e:7766;52.201.53.166;98.82.42.139,0,0,6,-1,32,333,6,-1,0,0,0,-1,-1,0,0,0,0,0,0,0,0,0,0,0,0,0,,0,0,,0,0,0,TimeoutError,CNAME:NoAnswer,OSError,success,error,error,empty,success,skipped,partial,1,1,1,0,1,0,0,0,suspected_active_infra,DNS active but page fetch failed,0,1,0
https://sbindi.com,sbindi.com,onlinesbi.sbi.bank.in,,unlabeled,cse_pu_candidates.csv,42,03-05-2026,,,,,local_lexical_candidates,0,0,18,0,0,0,0,0,0,0,3.725480556997868,0.85,0,0.85,0,0,0,0,onlinesbi.sbi.bank.in,sbindi.com,1,1,208.91.197.132,0,0,6,-1,32,333,8,-1,0,1,1,3,-1,1,1,0,0,1,0,0,0,1,1,1,1,1,949e6c9f03d899c5,0,0,612e09319271f9c4,0,1,200,,AAAA:NoAnswer;CNAME:NoAnswer,,success,success,success,success,success,skipped,complete,1,1,0,0,0,0,1,0,phishing,visual brand-domain mismatch,0,1,1
https://airtiz.net,airtiz.net,airindia.com,Air India,unlabeled,cse_pu_candidates.csv,46,03-05-2026,,,,,local_lexical_candidates,0,0,18,0,0,0,0,0,0,0,3.503258334775646,0.85,0,0.85,0,0,0,0,airindia.com,airtiz.net,1,1,104.21.4.77;172.67.131.202;2606:4700:3030::6815:44d;2606:4700:3030::ac43:83ca,0,0,8,-1,29,336,6,8,0,1,1,29,-1,1,1,0,0,1,0,0,0,1,0,0,1,1,,0,0,93142c25ad4fdb36,0,2,200,,CNAME:NoAnswer,,success,success,success,success,success,skipped,complete,1,1,0,0,0,0,1,0,phishing,visual brand-domain mismatch,0,1,1
https://ajiraexpress.com,ajiraexpress.com,airindiaexpress.com,,unlabeled,cse_pu_candidates.csv,47,03-05-2026,,,,,local_lexical_candidates,0,0,24,0,0,0,0,0,0,0,3.886842188131012,0.857143,5,0.857143,0,0,1,0,airindiaexpress.com,ajiraexpress.com,1,1,104.21.93.200;172.67.214.91;2606:4700:3031::6815:5dc8;2606:4700:3031::ac43:d65b,0,0,8,-1,341,24,6,-1,0,1,1,29,-1,1,1,1,0,1,1,1,0,0,1,0,0,0,f9c7cfc6cc093490,0,0,79fe539dcc15c7b5,0,1,200,,CNAME:NoAnswer,,success,success,success,success,success,skipped,complete,1,0,1,0,0,0,0,0,suspected_unconfirmed,high lexical similarity but insufficient phishing evidence,0,1,0
https://art-axis.art,art-axis.art,axis.bank.in,Axis Bank,unlabeled,cse_pu_candidates.csv,48,03-05-2026,,,,,local_lexical_candidates,0,0,20,0,0,0,0,1,0,1,3.3841837197791893,0.85,0,0.85,0,0,0,0,axis.bank.in,art-axis.art,1,1,185.158.133.1,0,0,6,-1,29,336,6,-1,0,1,1,29,-1,1,1,0,0,1,0,0,0,1,0,0,1,1,9a65659bcd653298,0,0,c4c309ebc4fca857,0,1,200,,AAAA:NoAnswer;CNAME:NoAnswer,,success,success,success,success,success,skipped,complete,1,1,0,0,0,0,1,0,phishing,visual brand-domain mismatch,0,1,1
https://axis-fluxrad.com,axis-fluxrad.com,axis.bank.in,Axis Bank,unlabeled,cse_pu_candidates.csv,49,03-05-2026,,,,,local_lexical_candidates,0,0,24,0,0,0,0,1,0,1,4.16829583405449,0.85,0,0.85,0,0,0,0,axis.bank.in,axis-fluxrad.com,1,1,179.43.172.253,0,0,6,-1,139,226,6,-1,0,1,1,30,-1,1,1,0,0,1,1,0,0,1,1,0,1,1,,0,0,6d610b5de4c8aa00,0,1,200,,AAAA:NoAnswer;CNAME:NoAnswer,,success,success,success,success,success,skipped,complete,1,0,0,0,0,0,1,0,phishing,visual brand-domain mismatch,0,1,1
https://axis-grandhiraki.com,axis-grandhiraki.com,axis.bank.in,Axis Bank,unlabeled,cse_pu_candidates.csv,50,03-05-2026,,,,,local_lexical_candidates,0,0,28,0,0,0,0,1,0,1,4.110577243331642,0.85,0,0.85,0,0,0,0,axis.bank.in,axis-grandhiraki.com,1,1,172.233.219.123;172.233.219.49;172.233.219.78;172.237.146.25;172.237.146.38;172.237.146.8,0,0,6,-1,3320,332,6,-1,1,1,1,32,-1,1,1,0,0,1,0,0,0,0,0,0,0,0,,0,0,d6651e40ec1d53eb,0,11,200,,AAAA:NoAnswer;CNAME:NoAnswer,,success,success,success,success,success,skipped,complete,1,1,1,0,0,1,0,0,suspected_active_no_phish_evidence,active page without login form or brand visual claim,0,1,0
https://axis-mobfintech.com,axis-mobfintech.com,axis.bank.in,Axis Bank,unlabeled,cse_pu_candidates.csv,51,03-05-2026,,,,,local_lexical_candidates,0,0,27,0,0,0,0,1,0,1,4.060262039120377,0.85,0,0.85,0,0,0,0,axis.bank.in,axis-mobfintech.com,1,1,45.152.46.97,0,0,8,-1,2196,360,6,-1,0,1,1,48,-1,1,1,0,0,1,1,0,0,1,1,1,1,1,d1c9ae3633c95136,0,0,e84a0f67a38a2f6b,0,1,200,,AAAA:NoAnswer;CNAME:NoAnswer,,success,success,success,success,success,skipped,complete,1,0,0,0,0,0,1,0,phishing,visual brand-domain mismatch,0,1,1
https://axis-modelmgmt.com,axis-modelmgmt.com,axis.bank.in,Axis Bank,unlabeled,cse_pu_candidates.csv,52,03-05-2026,,,,,local_lexical_candidates,0,0,26,0,0,0,1,1,0,1,3.9790978911348054,0.85,0,0.85,0,0,0,0,axis.bank.in,axis-modelmgmt.com,1,1,5.188.130.118,0,0,6,-1,30,335,6,-1,0,1,1,28,-1,1,1,0,0,1,0,0,0,1,1,1,1,1,0000000000000000,0,0,9c1f4b906da92183,0,1,200,,AAAA:NoAnswer;CNAME:NoAnswer,,success,success,success,success,success,skipped,complete,1,1,0,0,0,0,1,0,phishing,visual brand-domain mismatch,0,1,1
https://axis-nextbase.digital,axis-nextbase.digital,axis.bank.in,Axis Bank,unlabeled,cse_pu_candidates.csv,53,03-05-2026,,,,,local_lexical_candidates,0,0,29,0,0,0,0,1,0,1,3.8833374604210062,0.85,0,0.85,0,0,0,0,axis.bank.in,axis-nextbase.digital,1,1,104.21.91.229;172.67.181.66;2606:4700:3031::ac43:b542;2606:4700:3037::6815:5be5,0,0,8,-1,145,220,4,-1,0,1,1,30,-1,0,0,0,0,0,0,0,0,0,0,0,0,0,,0,0,5edf141b5e9a8716,0,1,404,,CNAME:NoAnswer,,success,http_404,success,success,success,skipped,partial,1,1,1,0,1,0,0,0,suspected_active_infra,DNS active but page fetch failed,0,1,0
https://axis3pl.com,axis3pl.com,axis.bank.in,Axis Bank,unlabeled,cse_pu_candidates.csv,54,03-05-2026,,,,,local_lexical_candidates,0,0,19,0,0,0,0,0,1,0,3.8268748818646383,0.85,0,0.85,0,0,0,0,axis.bank.in,axis3pl.com,1,1,13.248.243.5;76.223.105.230,0,0,6,-1,1126,335,8,8,1,1,1,13,-1,1,1,0,0,1,1,0,0,1,0,0,1,1,969738de61618667,0,0,f5d589464cae37b5,0,1,200,,AAAA:NoAnswer;CNAME:NoAnswer,,success,success,success,success,success,skipped,complete,1,0,0,0,0,0,1,0,phishing,visual brand-domain mismatch,0,1,1
https://axistase.com,axistase.com,axis.bank.in,Axis Bank,unlabeled,cse_pu_candidates.csv,55,03-05-2026,,,,,local_lexical_candidates,0,0,20,0,0,0,0,0,0,0,3.6464393446710157,0.85,0,0.85,0,0,0,0,axis.bank.in,axistase.com,1,1,216.24.57.1,0,0,6,-1,30,335,6,-1,0,1,1,20,-1,1,1,0,0,1,0,0,0,1,0,0,1,1,,0,0,2c2a9293e1348395,0,1,200,,AAAA:NoAnswer;CNAME:NoAnswer,,success,success,success,success,success,skipped,complete,1,1,0,0,0,0,1,0,phishing,visual brand-domain mismatch,0,1,1
https://bankofbaroda-org.com,bankofbaroda-org.com,onlinecasa.bankofbaroda.com,,unlabeled,cse_pu_candidates.csv,56,03-05-2026,,,,,local_lexical_candidates,0,0,28,0,0,0,0,1,0,1,4.066108939837481,0.888889,0,0.888889,0,0,0,0,onlinecasa.bankofbaroda.com,bankofbaroda-org.com,1,1,198.185.159.144;198.185.159.145;198.49.23.144;198.49.23.145,0,0,8,-1,30,335,6,-1,1,1,1,30,-1,1,1,0,0,1,0,0,0,1,1,0,1,1,c0971063bf981f73,0,0,34c7efc62d86c8b2,0,1,200,,AAAA:NoAnswer;CNAME:NoAnswer,,success,success,success,success,success,skipped,complete,1,1,0,0,0,0,1,0,phishing,visual brand-domain mismatch,0,1,1
https://basemidia.com,basemidia.com,bseindia.com,BSE Ltd.,unlabeled,cse_pu_candidates.csv,57,03-05-2026,,,,,local_lexical_candidates,0,0,21,0,0,0,0,0,0,0,3.8208888513501886,0.88,1,0.88,0,0,1,0,bseindia.com,basemidia.com,1,1,185.173.111.63;2a02:4780:13:1695:0:27ee:7369:6,0,0,4,-1,30,335,6,-1,0,1,1,30,-1,1,1,0,0,1,0,0,0,0,0,0,0,0,,0,0,59f0934c1e9689dc,0,1,200,,CNAME:NoAnswer,,success,success,success,success,success,skipped,complete,1,1,1,0,0,1,0,0,suspected_active_no_phish_evidence,active page without login form or brand visual claim,0,1,0
https://beelinda.com,beelinda.com,bseindia.com,BSE Ltd.,unlabeled,cse_pu_candidates.csv,58,03-05-2026,,,,,local_lexical_candidates,0,0,20,0,0,0,0,0,0,0,4.021928094887363,0.833333,1,0.833333,0,0,1,0,bseindia.com,beelinda.com,1,1,109.234.164.232,0,0,6,-1,8296,470,6,-1,0,1,1,29,-1,1,1,1,0,1,0,0,0,0,0,0,0,0,bfc4f038a18fc5c2,0,0,f980dc61656475b0,0,1,200,,AAAA:NoAnswer;CNAME:NoAnswer,,success,success,success,success,success,skipped,complete,1,1,1,0,0,1,0,0,suspected_active_no_phish_evidence,active page without login form or brand visual claim,0,1,0
https://behindad.com,behindad.com,bseindia.com,BSE Ltd.,unlabeled,cse_pu_candidates.csv,59,03-05-2026,,,,,local_lexical_candidates,0,0,20,0,0,0,0,0,0,0,3.9219280948873627,0.833333,2,0.833333,0,0,1,0,bseindia.com,behindad.com,1,1,13.215.239.219;52.74.6.109,0,0,6,-1,30,701,8,-1,0,1,1,27,-1,1,1,0,0,1,0,0,0,1,1,0,1,1,,0,0,20d4085989c24b8e,0,1,200,,AAAA:NoAnswer;CNAME:NoAnswer,,success,success,success,success,success,skipped,complete,1,1,0,0,0,0,1,0,phishing,visual brand-domain mismatch,0,1,1
https://bomasonline.com,bomasonline.com,camsonline.com,Computer Age Management Services Ltd. (CAMS),unlabeled,cse_pu_candidates.csv,60,03-05-2026,,,,,local_lexical_candidates,0,0,23,0,0,0,0,0,0,0,3.8820451081368623,0.827586,2,0.827586,0,0,1,0,camsonline.com,bomasonline.com,1,1,172.234.24.211;172.239.57.117,0,0,6,-1,398,332,4,-1,1,1,1,33,-1,1,1,0,0,1,0,0,0,0,0,0,0,0,,0,0,d6651e40ec1d53eb,0,11,200,,AAAA:NoAnswer;CNAME:NoAnswer,,success,success,success,success,success,skipped,complete,1,1,1,0,0,1,0,0,suspected_active_no_phish_evidence,active page without login form or brand visual claim,0,1,0
https://canaancliffs.com,canaancliffs.com,ana.crsorgi.gov.in,ana crs,unlabeled,cse_pu_candidates.csv,61,03-05-2026,,,,,local_lexical_candidates,0,0,24,0,0,0,0,0,0,0,3.7720552088742005,0.85,0,0.85,0,0,0,0,ana.crsorgi.gov.in,canaancliffs.com,1,1,172.234.24.211;172.239.57.117,0,0,6,-1,397,333,4,-1,1,1,1,32,-1,1,1,0,0,1,0,0,0,0,0,0,0,0,,0,0,d6651e40ec1d53eb,0,11,200,,AAAA:NoAnswer;CNAME:NoAnswer,,success,success,success,success,success,skipped,complete,1,1,1,0,0,1,0,0,suspected_active_no_phish_evidence,active page without login form or brand visual claim,0,1,0
https://canabra.com,canabra.com,ana.crsorgi.gov.in,ana crs,unlabeled,cse_pu_candidates.csv,62,03-05-2026,,,,,local_lexical_candidates,0,0,19,0,0,0,0,0,0,0,3.6818808028034034,0.85,0,0.85,0,0,0,0,ana.crsorgi.gov.in,canabra.com,1,1,185.40.245.50,0,0,6,-1,2955,332,6,-1,0,1,1,54,-1,1,1,0,0,1,0,0,0,1,1,1,1,1,bec07ec1679133c8,0,0,10971f76f9c6b0bf,0,1,200,,AAAA:NoAnswer;CNAME:NoAnswer,,success,success,success,success,success,skipped,complete,1,1,0,0,0,0,1,0,phishing,visual brand-domain mismatch,0,1,1
https://canarait.com,canarait.com,ana.crsorgi.gov.in,ana crs,unlabeled,cse_pu_candidates.csv,63,03-05-2026,,,,,local_lexical_candidates,0,0,20,0,0,0,1,0,0,0,3.6464393446710157,0.85,0,0.85,0,0,0,0,ana.crsorgi.gov.in,canarait.com,1,1,132.148.223.194,0,0,6,-1,760,335,8,-1,0,1,0,-1,-1,1,1,0,0,1,1,0,0,1,1,1,1,1,9fe0e18763959ce0,0,0,271d18181cb68b72,0,1,200,,AAAA:NoAnswer;CNAME:NoAnswer,SSLCertVerificationError,success,success,invalid,success,success,skipped,partial,1,0,0,0,0,0,1,0,phishing,visual brand-domain mismatch,0,1,1
https://canaranya.cat,canaranya.cat,ana.crsorgi.gov.in,ana crs,unlabeled,cse_pu_candidates.csv,64,03-05-2026,,,,,local_lexical_candidates,0,0,21,0,0,0,0,0,0,0,3.327339900083509,0.85,0,0.85,0,0,0,0,ana.crsorgi.gov.in,canaranya.cat,1,1,176.119.198.100,0,0,6,-1,6970,335,6,-1,0,1,1,14,-1,1,1,0,0,1,0,0,0,0,0,0,0,0,,0,0,2d3a6bb83c3631c3,0,1,200,,AAAA:NoAnswer;CNAME:NoAnswer,,success,success,success,success,error,success,partial,1,1,1,0,0,1,0,0,suspected_active_no_phish_evidence,active page without login form or brand visual claim,0,1,0
https://chennai-rbi.com,chennai-rbi.com,airindia.com,Air India,unlabeled,cse_pu_candidates.csv,65,03-05-2026,,,,,local_lexical_candidates,0,0,23,0,0,0,0,1,0,1,4.001822825622231,0.85,0,0.85,0,0,1,0,airindia.com,chennai-rbi.com,1,1,198.185.159.144;198.185.159.145;198.49.23.144;198.49.23.145,0,0,8,-1,45,320,6,-1,1,1,1,45,-1,1,1,0,0,1,0,0,0,0,1,0,0,0,c0971063bf981f73,0,0,3ec793c6ada9c2f6,0,1,200,,AAAA:NoAnswer;CNAME:NoAnswer,,success,success,success,success,success,skipped,complete,1,1,1,0,0,1,0,0,suspected_active_no_phish_evidence,active page without login form or brand visual claim,0,1,0
https://curasonline.com,curasonline.com,camsonline.com,Computer Age Management Services Ltd. (CAMS),unlabeled,cse_pu_candidates.csv,66,03-05-2026,,,,,local_lexical_candidates,0,0,23,0,0,0,0,0,0,0,4.001822825622231,0.896552,2,0.896552,0,0,1,0,camsonline.com,curasonline.com,1,1,103.224.182.253,0,0,6,-1,1515,311,4,-1,0,1,1,16,-1,1,1,0,0,1,0,0,0,0,0,0,0,0,,0,0,4ead2a1c907c579c,0,1,200,,AAAA:NoAnswer;CNAME:NoAnswer,,success,success,success,success,success,skipped,complete,1,1,1,0,0,1,0,0,suspected_active_no_phish_evidence,active page without login form or brand visual claim,0,1,0
https://cwsdonline.com,cwsdonline.com,camsonline.com,Computer Age Management Services Ltd. (CAMS),unlabeled,cse_pu_candidates.csv,67,03-05-2026,,,,,local_lexical_candidates,0,0,22,0,0,0,0,0,0,0,3.9139770731827523,0.857143,2,0.857143,0,0,1,0,camsonline.com,cwsdonline.com,1,1,104.21.54.128;172.67.138.180;2606:4700:3033::ac43:8ab4;2606:4700:3034::6815:3680,0,0,8,-1,5086,392,6,-1,0,1,1,30,-1,0,0,0,0,0,1,0,0,1,0,0,1,1,,0,0,63198ff998c65390,0,1,403,,CNAME:NoAnswer,,success,http_403,success,success,success,skipped,partial,1,0,0,0,1,0,1,0,phishing,visual brand-domain mismatch,0,1,1
https://fallintech.com,fallintech.com,aiims.edu,All India Institute of Medical Sciences (AIIMS),unlabeled,cse_pu_candidates.csv,68,03-05-2026,,,,,local_lexical_candidates,0,0,22,0,0,0,0,0,0,0,3.8796640049025943,0.85,0,0.85,0,0,0,0,aiims.edu,fallintech.com,1,1,187.127.154.192,0,0,6,-1,142,223,8,-1,0,1,1,10,-1,1,1,0,0,1,0,0,0,1,0,0,1,1,,0,0,b2ef285db14b66fd,0,1,200,,AAAA:NoAnswer;CNAME:NoAnswer,,success,success,success,success,success,skipped,complete,1,1,0,0,0,0,1,0,phishing,visual brand-domain mismatch,0,1,1
https://flowers-nha-trang.online,flowers-nha-trang.online,nha.gov.in,National Health Authority (NHA),unlabeled,cse_pu_candidates.csv,69,03-05-2026,,,,,local_lexical_candidates,0,0,32,0,0,0,0,1,0,2,4.038909765557392,0.85,0,0.85,0,0,0,0,nha.gov.in,flowers-nha-trang.online,1,1,185.199.108.153;185.199.109.153;185.199.110.153;185.199.111.153,0,0,6,-1,30,335,6,-1,1,1,1,30,-1,1,1,0,0,1,0,0,0,1,0,0,1,1,,0,0,159fd47fbfa16732,0,1,200,,AAAA:NoAnswer;CNAME:NoAnswer,,success,success,success,success,success,skipped,complete,1,1,0,0,0,0,1,0,phishing,visual brand-domain mismatch,0,1,1
https://gainfront-axis.com,gainfront-axis.com,axis.bank.in,Axis Bank,unlabeled,cse_pu_candidates.csv,70,03-05-2026,,,,,local_lexical_candidates,0,0,26,0,0,0,0,1,0,1,4.056020968057882,0.85,0,0.85,0,0,0,0,axis.bank.in,gainfront-axis.com,1,1,94.26.38.73,0,0,6,-1,286,79,6,-1,0,1,1,30,-1,1,1,0,0,1,1,0,0,1,0,0,1,1,c0c31f1f7c613936,0,0,3de9495e4d9e53b2,0,1,200,,AAAA:NoAnswer;CNAME:NoAnswer,,success,success,success,success,success,skipped,complete,1,0,0,0,0,0,1,0,phishing,visual brand-domain mismatch,0,1,1
https://gtg-eci.com,gtg-eci.com,eci.gov.in,Election Commision of India (ECI),unlabeled,cse_pu_candidates.csv,71,03-05-2026,,,,,local_lexical_candidates,0,0,19,0,0,0,0,1,0,1,3.6818808028034034,0.85,0,0.85,0,0,0,0,eci.gov.in,gtg-eci.com,1,1,82.165.2.73,0,0,6,-1,30,335,6,-1,0,1,1,30,-1,1,1,0,0,1,0,0,0,1,1,1,1,1,989c6733656b3433,0,0,5826a56ae7058a77,0,1,200,,AAAA:NoAnswer;CNAME:NoAnswer,,success,success,success,success,success,skipped,complete,1,1,0,0,0,0,1,0,phishing,visual brand-domain mismatch,0,1,1
https://hdfcbg.com,hdfcbg.com,hdfc.com,,unlabeled,cse_pu_candidates.csv,72,03-05-2026,,,,,local_lexical_candidates,0,0,18,0,0,0,0,0,0,0,3.725480556997868,0.888889,0,0.888889,0,0,0,0,hdfc.com,hdfcbg.com,1,1,145.223.107.32;2a02:4780:b:1104:0:942:e98a:10,0,0,4,-1,389,341,6,-1,0,1,1,29,-1,1,1,0,0,1,0,0,0,0,0,0,0,0,c476e4d71a993b88,0,0,0189068addc98648,0,2,200,,CNAME:NoAnswer,,success,success,success,success,success,skipped,complete,1,1,1,0,0,1,0,0,suspected_active_no_phish_evidence,active page without login form or brand visual claim,0,1,0
https://hdfcinfinia.com,hdfcinfinia.com,hdfc.bank.in,HDFC Bank,unlabeled,cse_pu_candidates.csv,73,03-05-2026,,,,,local_lexical_candidates,0,0,23,0,0,0,0,0,0,0,3.795088586397732,0.85,0,0.85,0,0,0,0,hdfc.bank.in,hdfcinfinia.com,1,1,185.199.108.153;185.199.109.153;185.199.110.153;185.199.111.153,0,0,6,-1,30,335,4,-1,1,1,1,29,-1,1,1,0,0,1,0,0,0,1,0,0,1,1,,0,0,2fd98988ac13e273,0,1,200,,AAAA:NoAnswer;CNAME:NoAnswer,,success,success,success,success,success,skipped,complete,1,1,0,0,0,0,1,0,phishing,visual brand-domain mismatch,0,1,1
https://jeviox.com,jeviox.com,jio.com,Jio,unlabeled,cse_pu_candidates.csv,74,03-05-2026,,,,,local_lexical_candidates,0,0,18,0,0,0,0,0,0,0,3.836591668108979,0.823529,1,0.823529,0,0,1,0,jio.com,jeviox.com,1,1,104.21.18.18;172.67.179.159;2606:4700:3030::6815:1212;2606:4700:3033::ac43:b39f,0,0,8,-1,30,335,4,-1,0,1,1,30,-1,1,1,0,0,1,0,0,0,0,0,0,0,0,,0,0,ec6fe3a628ff2901,0,1,200,,CNAME:NoAnswer,,success,success,success,success,success,skipped,complete,1,1,1,0,0,1,0,0,suspected_active_no_phish_evidence,active page without login form or brand visual claim,0,1,0
https://jhio.com,jhio.com,jio.com,Jio,unlabeled,cse_pu_candidates.csv,75,03-05-2026,,,,,local_lexical_candidates,0,0,16,0,0,0,0,0,0,0,3.5,0.933333,1,0.933333,0,0,1,0,jio.com,jhio.com,1,1,85.13.131.118,0,0,6,-1,8003,397,6,-1,0,1,0,-1,-1,1,1,1,0,1,0,0,0,1,1,1,1,1,,0,0,90e5476a0528d5f3,0,1,200,,AAAA:NoAnswer;CNAME:NoAnswer,SSLCertVerificationError,success,success,invalid,success,success,skipped,partial,1,1,0,0,0,0,1,0,phishing,visual brand-domain mismatch,0,1,1
https://jiqnou.com,jiqnou.com,jio.com,Jio,unlabeled,cse_pu_candidates.csv,77,03-05-2026,,,,,local_lexical_candidates,0,0,18,0,0,0,0,0,0,0,3.836591668108979,0.823529,1,0.823529,0,0,1,0,jio.com,jiqnou.com,1,1,157.7.184.16,0,0,6,-1,1843,348,6,-1,0,1,0,-1,-1,1,1,0,0,1,0,0,0,0,0,0,0,0,,0,0,1670260cac4f4ff8,0,1,200,,AAAA:NoAnswer;CNAME:NoAnswer,SSLCertVerificationError,success,success,invalid,success,success,skipped,partial,1,1,1,0,0,1,0,0,suspected_active_no_phish_evidence,active page without login form or brand visual claim,0,1,0
https://msaconline.com,msaconline.com,sac.gov.in,,unlabeled,cse_pu_candidates.csv,78,03-05-2026,,,,,local_lexical_candidates,0,0,22,0,0,0,0,0,0,0,3.8230679822736615,0.857143,4,0.857143,0,0,1,0,camsonline.com,msaconline.com,1,1,209.182.196.26,0,0,6,-1,8431,335,8,-1,0,1,1,6,-1,1,1,1,0,1,1,0,0,0,1,0,0,0,89392fe10fdedc10,0,0,54fc0a4a39c452b6,0,1,200,,AAAA:NoAnswer;CNAME:NoAnswer,,success,success,success,success,success,skipped,complete,1,0,1,0,0,0,0,0,suspected_unconfirmed,high lexical similarity but insufficient phishing evidence,0,1,0
https://nha.coffee,nha.coffee,nha.gov.in,National Health Authority (NHA),unlabeled,cse_pu_candidates.csv,79,03-05-2026,,,,,local_lexical_candidates,0,0,18,0,0,0,0,0,0,0,3.614369445886757,1.0,0,1.0,0,0,0,0,nha.gov.in,nha.coffee,1,1,103.224.182.189,0,0,6,-1,395,335,4,-1,0,1,1,30,-1,1,1,0,0,1,0,0,0,1,0,0,1,1,,0,0,4e30180d919c05fe,0,1,200,,AAAA:NoAnswer;CNAME:NoAnswer,,success,success,success,success,success,skipped,complete,1,1,0,0,0,0,1,0,phishing,visual brand-domain mismatch,0,1,1
https://onetbpn.com,onetbpn.com,netpnb.com,,unlabeled,cse_pu_candidates.csv,80,03-05-2026,,,,,local_lexical_candidates,0,0,19,0,0,0,0,0,0,0,3.576617644908666,0.857143,2,0.857143,0,0,1,0,netpnb.com,onetbpn.com,1,1,47.82.121.122,0,0,6,-1,30,335,4,-1,0,1,0,-1,-1,0,0,0,0,0,0,0,0,0,0,0,0,0,,0,0,446a2b24f4c50d00,0,2,403,,AAAA:NoAnswer;CNAME:NoAnswer,SSLCertVerificationError,success,http_403,invalid,success,success,skipped,partial,1,1,1,0,1,0,0,0,suspected_active_infra,DNS active but page fetch failed,0,1,0
https://parivahan-service.online,parivahan-service.online,parivahan.gov.in,parivahan sewa,unlabeled,cse_pu_candidates.csv,81,03-05-2026,,,,,local_lexical_candidates,0,0,32,0,0,0,0,1,0,1,3.9681390622295662,0.85,0,0.85,0,0,0,0,parivahan.gov.in,parivahan-service.online,1,1,104.21.44.71;172.67.196.183;2606:4700:3030::ac43:c4b7;2606:4700:3031::6815:2c47,0,0,8,-1,29,336,6,-1,0,1,1,29,-1,0,0,0,0,0,0,0,0,0,0,0,0,0,,0,0,446a2b24f4c50d00,0,2,403,,CNAME:NoAnswer,,success,http_403,success,success,success,skipped,partial,1,1,1,0,1,0,0,0,suspected_active_infra,DNS active but page fetch failed,0,1,0
https://parivahan-sewa.info,parivahan-sewa.info,parivahan.gov.in,parivahan sewa,unlabeled,cse_pu_candidates.csv,82,03-05-2026,,,,,local_lexical_candidates,0,0,27,0,0,0,0,1,0,1,3.940072687348654,0.85,0,0.85,0,0,0,0,parivahan.gov.in,parivahan-sewa.info,1,1,2a02:4780:3c:55a5:9652:b449:a365:983;2a02:4780:3d:8fac:b065:fe53:824d:7b59;91.108.106.246;93.127.173.164,0,0,4,-1,30,335,4,-1,0,1,1,25,-1,1,1,0,0,1,1,0,0,1,1,1,1,1,99993366336c6699,0,0,5ff98a4c9c025264,0,1,200,,CNAME:NoAnswer,,success,success,success,success,success,skipped,complete,1,0,0,0,0,0,1,0,phishing,visual brand-domain mismatch,0,1,1
https://pnbnj.com,pnbnj.com,pnb.bank.in,Punjab National Bank (PNB),unlabeled,cse_pu_candidates.csv,83,03-05-2026,,,,,local_lexical_candidates,0,0,17,0,0,0,0,0,0,0,3.6168746059562222,0.85,0,0.85,0,0,0,0,pnb.bank.in,pnbnj.com,1,1,104.21.0.167;172.67.128.31;2606:4700:3030::ac43:801f;2606:4700:3036::6815:a7,0,0,8,-1,1552,274,6,-1,0,1,1,29,-1,1,1,0,0,1,0,0,0,1,1,1,1,1,bfc1c83ab386e419,0,0,8062e8ebb72b7f85,0,1,200,,CNAME:NoAnswer,,success,success,success,success,success,skipped,complete,1,1,0,0,0,0,1,0,phishing,visual brand-domain mismatch,0,1,1
https://rto-parivahan.online,rto-parivahan.online,parivahan.gov.in,parivahan sewa,unlabeled,cse_pu_candidates.csv,84,03-05-2026,,,,,local_lexical_candidates,0,0,28,0,0,0,0,1,0,1,3.869331261111518,0.857143,0,0.857143,0,0,0,0,parivahan.gov.in,rto-parivahan.online,1,1,104.21.9.218;172.67.161.89;2606:4700:3036::6815:9da;2606:4700:3037::ac43:a159,0,0,8,-1,29,336,6,-1,0,1,1,29,-1,1,1,0,0,1,0,0,0,0,0,0,0,0,,0,0,e1cfe7449dd78b8f,0,1,200,,CNAME:NoAnswer,,success,success,success,success,success,skipped,complete,1,1,1,0,0,1,0,0,suspected_active_no_phish_evidence,active page without login form or brand visual claim,0,1,0
https://sigma-axis.com,sigma-axis.com,axis.bank.in,Axis Bank,unlabeled,cse_pu_candidates.csv,85,03-05-2026,,,,,local_lexical_candidates,0,0,22,0,0,0,0,1,0,1,3.7887549139935035,0.85,0,0.85,0,0,0,0,axis.bank.in,sigma-axis.com,1,1,198.185.159.144;198.185.159.145;198.49.23.144;198.49.23.145,0,0,8,-1,30,335,6,-1,1,1,1,30,-1,1,1,0,0,1,0,0,0,1,1,0,1,1,c0971063bf981f73,0,0,b5d7190efd8fecf2,0,1,200,,AAAA:NoAnswer;CNAME:NoAnswer,,success,success,success,success,success,skipped,complete,1,1,0,0,0,0,1,0,phishing,visual brand-domain mismatch,0,1,1
https://simbf.com,simbf.com,sbimf.com,,unlabeled,cse_pu_candidates.csv,86,03-05-2026,,,,,local_lexical_candidates,0,0,17,0,0,0,0,0,0,0,3.6168746059562222,0.888889,2,0.888889,0,0,1,0,sbimf.com,simbf.com,1,1,103.224.212.118,0,0,6,-1,397,333,4,-1,0,1,1,32,-1,1,1,0,0,1,0,0,0,0,0,0,0,0,,0,0,6ebb2b1cb4fc57bc,0,1,200,,AAAA:NoAnswer;CNAME:NoAnswer,,success,success,success,success,success,skipped,complete,1,1,1,0,0,1,0,0,suspected_active_no_phish_evidence,active page without login form or brand visual claim,0,1,0
https://skinlytech.com,skinlytech.com,kfintech.com,Kfintech,unlabeled,cse_pu_candidates.csv,87,03-05-2026,,,,,local_lexical_candidates,0,0,22,0,0,0,0,0,0,0,3.8796640049025943,0.846154,4,0.846154,0,0,1,0,kfintech.com,skinlytech.com,1,1,23.227.38.65;2620:127:f00f:5::,0,0,6,-1,763,332,6,-1,1,1,1,13,-1,1,1,1,0,1,1,1,0,0,1,0,0,0,957b51bd44c6113b,0,0,1fb0a00e293222ad,0,1,200,,CNAME:NoAnswer,,success,success,success,success,success,skipped,complete,1,0,1,0,0,0,0,0,suspected_unconfirmed,high lexical similarity but insufficient phishing evidence,0,1,0
https://smbify.com,smbify.com,sbimf.com,,unlabeled,cse_pu_candidates.csv,88,03-05-2026,,,,,local_lexical_candidates,0,0,18,0,0,0,0,0,0,0,3.725480556997868,0.842105,2,0.842105,0,0,1,0,sbimf.com,smbify.com,1,1,52.20.84.62,0,0,6,-1,1129,332,4,-1,0,1,1,44,-1,1,1,1,1,1,1,0,0,0,1,0,0,0,d5b10f1b2801bf7c,0,0,7ef80b95185617fb,0,1,200,,AAAA:NoAnswer;CNAME:NoAnswer,,success,success,success,success,success,skipped,complete,1,0,1,0,0,0,0,0,suspected_unconfirmed,high lexical similarity but insufficient phishing evidence,0,1,0
https://xiaocl.com,xiaocl.com,iocl.com,Indian Oil Corporation Limited (IOCL),unlabeled,cse_pu_candidates.csv,89,03-05-2026,,,,,local_lexical_candidates,0,0,18,0,0,0,0,0,0,0,3.725480556997868,0.888889,1,0.888889,0,0,1,0,iocl.com,xiaocl.com,1,1,154.210.67.143,0,0,8,-1,3146,141,6,-1,0,1,1,18,-1,1,1,1,0,1,0,0,0,0,1,0,0,0,be68f985869ac913,0,0,f2547d3574e9f9e6,0,1,200,,AAAA:NoAnswer;CNAME:NoAnswer,,success,success,success,success,success,skipped,complete,1,1,1,0,0,1,0,0,suspected_active_no_phish_evidence,active page without login form or brand visual claim,0,1,0
https://whatsellsbest.com/pages/sale-fintech-nyx,whatsellsbest.com,camsonline.com,Computer Age Management Services Ltd. (CAMS),unlabeled,cse_pu_candidates.csv,91,03-05-2026,,,,,local_lexical_candidates,0,0,48,2,0,0,1,0,0,2,4.147593366144261,0.516129,2,0.516129,0,1,1,0,camsonline.com,whatsellsbest.com,1,1,23.227.38.65,0,0,6,-1,6764,176,8,-1,1,1,1,17,-1,1,1,1,0,1,1,0,0,1,1,0,1,1,ee8ec43997331692,0,0,27d80bd919c64221,0,1,200,,AAAA:NoAnswer;CNAME:NoAnswer,,success,success,success,success,success,skipped,complete,0,0,0,0,0,0,0,0,below_high_lexical_threshold,lexical_similarity_score < 0.75,0,0,0
https://16fintech.com,16fintech.com,kfintech.com,Kfintech,unlabeled,cse_pu_candidates.csv,92,03-05-2026,,,,,local_lexical_candidates,0,0,21,0,0,0,0,0,2,0,3.880179922675738,0.88,1,0.88,0,0,1,0,kfintech.com,16fintech.com,1,1,13.223.25.84;2600:1f18:4ae:c605:dd5d:b838:5816:d7fb;2600:1f18:4ae:c606:78d4:4260:db4e:aeee;54.243.117.197,0,0,6,-1,2224,332,6,8,1,0,0,-1,-1,0,0,0,0,0,0,0,0,0,0,0,0,0,,0,0,,0,0,0,TimeoutError,CNAME:NoAnswer,OSError,success,error,error,empty,success,skipped,partial,1,1,1,0,1,0,0,0,suspected_active_infra,DNS active but page fetch failed,0,1,0
https://airtelbox.com,airtelbox.com,airindia.com,Air India,unlabeled,cse_pu_candidates.csv,93,03-05-2026,,,,,local_lexical_candidates,0,0,21,0,0,0,0,0,0,0,3.9754180179138334,0.85,0,0.85,0,0,0,0,airindia.com,airtelbox.com,1,1,74.119.239.234,0,0,6,-1,30,335,6,6,0,0,0,-1,-1,0,0,0,0,0,0,0,0,0,0,0,0,0,,0,0,,0,0,0,TimeoutError,AAAA:NoAnswer;CNAME:NoAnswer,TimeoutError,success,error,error,empty,success,skipped,partial,1,1,1,0,1,0,0,0,suspected_active_infra,DNS active but page fetch failed,0,1,0
https://axisalign.com,axisalign.com,axis.bank.in,Axis Bank,unlabeled,cse_pu_candidates.csv,96,03-05-2026,,,,,local_lexical_candidates,0,0,21,0,0,0,0,0,0,0,3.916126946588284,0.85,0,0.85,0,0,0,0,axis.bank.in,axisalign.com,1,1,13.223.25.84;2600:1f18:4ae:c605:dd5d:b838:5816:d7fb;2600:1f18:4ae:c606:78d4:4260:db4e:aeee;54.243.117.197,0,0,6,-1,1494,332,6,8,1,0,0,-1,-1,0,0,0,0,0,0,0,0,0,0,0,0,0,,0,0,,0,0,0,TimeoutError,CNAME:NoAnswer,OSError,success,error,error,empty,success,skipped,partial,1,1,1,0,1,0,0,0,suspected_active_infra,DNS active but page fetch failed,0,1,0
https://shipcards.com,shipcards.com,sbicard.com,,unlabeled,cse_pu_candidates.csv,114,03-05-2026,,,,,local_lexical_candidates,0,0,21,0,0,0,0,0,0,0,3.6897037321995474,0.833333,3,0.833333,0,0,1,0,sbicard.com,shipcards.com,1,1,13.223.25.84;2600:1f18:4ae:c605:dd5d:b838:5816:d7fb;2600:1f18:4ae:c606:78d4:4260:db4e:aeee;54.243.117.197,0,0,6,-1,4416,332,6,8,1,0,0,-1,-1,0,0,0,0,0,0,0,0,0,0,0,0,0,,0,0,,0,0,0,TimeoutError,CNAME:NoAnswer,OSError,success,error,error,empty,success,skipped,partial,1,1,1,0,1,0,0,0,suspected_active_infra,DNS active but page fetch failed,0,1,0
https://axisfate.com,axisfate.com,axis.bank.in,Axis Bank,unlabeled,cse_pu_candidates.csv,118,03-05-2026,,,,,local_lexical_candidates,0,0,20,0,0,0,0,0,0,0,3.784183719779189,0.85,0,0.85,0,0,0,0,axis.bank.in,axisfate.com,1,1,50.115.10.47,0,0,6,-1,394,336,4,-1,0,1,1,37,-1,1,1,0,0,1,1,0,0,1,0,0,1,1,f733aa442236edc8,0,0,37ce081b95e64223,0,1,200,,AAAA:NoAnswer;CNAME:NoAnswer,,success,success,success,success,success,skipped,complete,1,0,0,0,0,0,1,0,phishing,visual brand-domain mismatch,0,1,1
https://axismelt.com,axismelt.com,axis.bank.in,Axis Bank,unlabeled,cse_pu_candidates.csv,120,03-05-2026,,,,,local_lexical_candidates,0,0,20,0,0,0,1,0,0,0,3.784183719779189,0.85,0,0.85,0,0,0,0,axis.bank.in,axismelt.com,1,1,2a02:4780:1f:dcd7:21de:b4fa:ebd5:29a1;2a02:4780:3d:2566:f8ae:3f11:fc1:8c64;88.222.243.2;93.127.173.234,0,0,4,-1,29,336,8,-1,0,1,1,29,-1,1,1,0,0,1,1,1,0,1,1,1,1,1,,0,0,06299109cf9ce133,0,1,200,,CNAME:NoAnswer,,success,success,success,success,success,skipped,complete,1,0,0,0,0,0,1,0,phishing,password input plus brand token/logo evidence,0,1,1
https://barodanuts.com,barodanuts.com,bankofbaroda.bank.in,Bank of Baroda,unlabeled,cse_pu_candidates.csv,121,03-05-2026,,,,,local_lexical_candidates,0,0,22,0,0,0,0,0,0,0,3.8796640049025943,0.85,0,0.85,0,0,0,0,bankofbaroda.bank.in,barodanuts.com,1,1,104.21.29.148;172.67.149.102;2606:4700:3037::6815:1d94;2606:4700:3037::ac43:9566,0,0,8,-1,816,1376,8,-1,0,1,1,29,-1,1,1,0,0,1,0,0,0,1,0,0,1,1,879f40e34a6738d9,0,0,ecff4bd2601a784d,0,1,200,,CNAME:NoAnswer,,success,success,success,success,success,skipped,complete,1,1,0,0,0,0,1,0,phishing,visual brand-domain mismatch,0,1,1
https://bsnlportal.com,bsnlportal.com,bsnl.co.in,Bharat Sanchar Nigam Limited (BSNL),unlabeled,cse_pu_candidates.csv,122,03-05-2026,,,,,local_lexical_candidates,0,0,22,0,0,0,0,0,0,0,3.7887549139935035,0.85,0,0.85,0,0,0,0,bsnl.co.in,bsnlportal.com,1,1,104.21.13.130;172.67.200.24;2606:4700:3032::6815:d82;2606:4700:3037::ac43:c818,0,0,8,-1,109,256,4,-1,0,1,1,29,-1,1,1,0,0,1,0,0,0,1,1,1,1,1,86ba3936a68d936c,0,0,77d2f37e85522fcf,0,1,200,,CNAME:NoAnswer,,success,success,success,success,success,skipped,complete,1,1,0,0,0,0,1,0,phishing,visual brand-domain mismatch,0,1,1
https://camonline.site,camonline.site,camsonline.com,Computer Age Management Services Ltd. (CAMS),unlabeled,cse_pu_candidates.csv,123,03-05-2026,,,,,local_lexical_candidates,0,0,22,0,0,0,0,0,0,0,3.7887549139935035,0.947368,1,0.947368,0,0,1,0,camsonline.com,camonline.site,1,1,2.57.91.92,0,0,6,-1,371,359,6,-1,0,1,0,-1,-1,0,0,0,0,0,0,0,0,0,0,0,0,0,,0,0,,0,0,0,ClientConnectorSSLError,AAAA:NoAnswer;CNAME:NoAnswer,SSLError,success,error,invalid,empty,success,skipped,partial,1,1,1,0,1,0,0,0,suspected_active_infra,DNS active but page fetch failed,0,1,0
https://canaranpix.com,canaranpix.com,ana.crsorgi.gov.in,ana crs,unlabeled,cse_pu_candidates.csv,124,03-05-2026,,,,,local_lexical_candidates,0,0,22,0,0,0,0,0,0,0,3.7887549139935035,0.85,0,0.85,0,0,0,0,ana.crsorgi.gov.in,canaranpix.com,1,1,198.185.159.144;198.185.159.145;198.49.23.144;198.49.23.145,0,0,8,-1,29,336,6,-1,1,1,1,30,-1,1,1,0,0,1,0,0,0,1,1,0,1,1,c0971063bf981f73,0,0,35c783862d86c83e,0,1,200,,AAAA:NoAnswer;CNAME:NoAnswer,,success,success,success,success,success,skipped,complete,1,1,0,0,0,0,1,0,phishing,visual brand-domain mismatch,0,1,1
https://equidai.com,equidai.com,uidai.gov.in,Unique Identification Authority of India (UIDAI),unlabeled,cse_pu_candidates.csv,126,03-05-2026,,,,,local_lexical_candidates,0,0,19,0,0,0,0,0,0,0,3.9321380397593755,0.85,0,0.85,0,0,0,0,uidai.gov.in,equidai.com,1,1,216.198.79.1,0,0,8,-1,29,336,8,6,1,1,1,28,-1,1,1,1,0,1,1,0,0,1,1,1,1,1,,0,0,c6f80d27a4cb563d,0,1,200,,AAAA:NoAnswer;CNAME:NoAnswer,,success,success,success,success,success,skipped,complete,1,0,0,0,0,0,1,0,phishing,visual brand-domain mismatch,0,1,1
https://heliyatra-irctc.org,heliyatra-irctc.org,airindia.com,Air India,unlabeled,cse_pu_candidates.csv,127,03-05-2026,,,,,local_lexical_candidates,0,0,27,0,0,0,0,1,0,1,3.912113890972229,0.85,0,0.85,0,0,1,0,airindia.com,heliyatra-irctc.org,1,1,147.93.101.149;2a02:4780:11:1956:0:17d4:b066:2,0,0,4,-1,29,336,6,-1,0,1,1,29,-1,1,1,0,0,1,1,0,0,0,1,0,0,0,,0,0,5acb0b5c7c3212b3,0,1,200,,CNAME:NoAnswer,,success,success,success,success,success,skipped,complete,1,0,1,0,0,0,0,0,suspected_unconfirmed,high lexical similarity but insufficient phishing evidence,0,1,0
https://jivno.com,jivno.com,jio.com,Jio,unlabeled,cse_pu_candidates.csv,148,03-05-2026,,,,,local_lexical_candidates,0,0,17,0,0,0,0,0,0,0,3.7345216647797517,0.875,1,0.875,0,0,1,0,jio.com,jivno.com,1,1,66.45.246.141,0,0,6,-1,6606,333,6,-1,0,1,1,29,-1,1,1,0,0,1,1,0,0,0,0,0,0,0,,0,0,2f78882ad09b57a9,0,1,200,,AAAA:NoAnswer;CNAME:NoAnswer,,success,success,success,success,success,skipped,complete,1,0,1,0,0,0,0,0,suspected_unconfirmed,high lexical similarity but insufficient phishing evidence,0,1,0
https://net-nba.com,net-nba.com,netpnb.com,,unlabeled,cse_pu_candidates.csv,150,03-05-2026,,,,,local_lexical_candidates,0,0,19,0,0,0,0,1,0,1,3.78714396069814,0.857143,2,0.857143,0,0,1,0,netpnb.com,net-nba.com,1,1,156.226.94.19,0,0,6,-1,35,330,6,-1,0,1,0,-1,-1,1,1,0,0,1,0,0,0,0,0,0,0,0,,0,0,4a6f101b4e00871e,0,1,200,,AAAA:NoAnswer;CNAME:NoAnswer,SSLCertVerificationError,success,success,invalid,success,success,skipped,partial,1,1,1,0,0,1,0,0,suspected_active_no_phish_evidence,active page without login form or brand visual claim,0,1,0
https://online-sex-cams.net,online-sex-cams.net,camsonline.com,Computer Age Management Services Ltd. (CAMS),unlabeled,cse_pu_candidates.csv,151,03-05-2026,,,,,local_lexical_candidates,0,0,27,0,0,0,0,1,0,2,3.902311575917029,0.85,0,0.85,0,0,0,0,camsonline.com,online-sex-cams.net,1,1,172.233.219.123;172.233.219.49;172.233.219.78;172.237.146.25;172.237.146.38;172.237.146.8,0,0,6,-1,2588,334,6,-1,1,1,1,31,-1,1,1,0,0,1,0,0,0,0,0,0,0,0,,0,0,d6651e40ec1d53eb,0,11,200,,AAAA:NoAnswer;CNAME:NoAnswer,,success,success,success,success,success,skipped,complete,1,1,1,0,0,1,0,0,suspected_active_no_phish_evidence,active page without login form or brand visual claim,0,1,0
https://parivahaansewa.com/,parivahaansewa.com,parivahan.gov.in,parivahan sewa,unlabeled,cse_pu_candidates.csv,154,03-05-2026,,,,,local_lexical_candidates,0,0,27,1,0,0,0,0,0,0,3.852497577104199,0.85,0,0.85,0,0,0,0,parivahan.gov.in,parivahaansewa.com,1,1,185.244.36.144,0,0,8,-1,22,343,4,-1,0,1,1,22,-1,1,1,1,1,1,1,0,0,1,1,1,1,1,c1a58da527a58fa5,1,0,6c590b08bd82da64,0,1,200,,AAAA:NoAnswer;CNAME:NoAnswer,,success,success,success,success,success,skipped,complete,1,0,0,0,0,0,1,0,phishing,visual brand-domain mismatch,0,1,1
https://parivahansewa.live,parivahansewa.live,parivahan.gov.in,parivahan sewa,unlabeled,cse_pu_candidates.csv,155,03-05-2026,,,,,local_lexical_candidates,0,0,26,0,0,0,0,0,0,0,3.7773627950641693,0.85,0,0.85,0,0,0,0,parivahan.gov.in,parivahansewa.live,1,1,103.224.212.213,0,0,6,-1,29,336,6,-1,0,1,1,29,-1,1,1,0,0,1,0,0,0,1,0,0,1,1,,0,0,466b225d90cd57f4,0,1,200,,AAAA:NoAnswer;CNAME:NoAnswer,,success,success,success,success,success,skipped,complete,1,1,0,0,0,0,1,0,phishing,visual brand-domain mismatch,0,1,1
https://sbimfgr.com,sbimfgr.com,sbimf.com,,unlabeled,cse_pu_candidates.csv,156,03-05-2026,,,,,local_lexical_candidates,0,0,19,0,0,0,0,0,0,0,3.8268748818646383,0.9,0,0.9,0,0,0,0,sbimf.com,sbimfgr.com,1,1,172.234.24.211;172.239.57.117,0,0,6,-1,397,333,4,-1,1,1,1,32,-1,1,1,0,0,1,0,0,0,0,0,0,0,0,,0,0,d6651e40ec1d53eb,0,11,200,,AAAA:NoAnswer;CNAME:NoAnswer,,success,success,success,success,success,skipped,complete,1,1,1,0,0,1,0,0,suspected_active_no_phish_evidence,active page without login form or brand visual claim,0,1,0
https://sonu-nigam.shop,sonu-nigam.shop,bsnl.co.in,Bharat Sanchar Nigam Limited (BSNL),unlabeled,cse_pu_candidates.csv,159,03-05-2026,,,,,local_lexical_candidates,0,0,23,0,0,0,0,1,0,1,3.795088586397732,0.85,0,0.85,0,0,0,0,bsnl.co.in,sonu-nigam.shop,1,1,185.66.143.73,0,0,8,-1,28,337,4,-1,0,1,1,28,-1,0,0,0,0,0,0,0,0,0,0,0,0,0,,0,0,,0,0,0,TimeoutError,AAAA:NoAnswer;CNAME:NoAnswer,,success,error,success,empty,success,skipped,partial,1,1,1,0,1,0,0,0,suspected_active_infra,DNS active but page fetch failed,0,1,0
https://ssoidloginrajasthanportal.net/,ssoidloginrajasthanportal.net,rajasthan.census.gov.in,Rajasthan,unlabeled,cse_pu_candidates.csv,160,03-05-2026,,,,,local_lexical_candidates,0,0,38,1,0,0,0,0,0,0,3.8828142771033956,0.85,0,0.85,0,0,0,0,rajasthan.census.gov.in,ssoidloginrajasthanportal.net,1,1,104.21.64.74;172.67.178.117;2606:4700:3032::ac43:b275;2606:4700:3035::6815:404a,0,0,8,-1,38,327,8,-1,0,1,1,10,-1,1,1,2,1,1,1,0,1,1,1,1,1,1,860f0d079df6e0bc,0,0,316d945913265f1c,0,1,200,,CNAME:NoAnswer,,success,success,success,success,success,skipped,complete,1,0,0,0,0,0,1,0,phishing,visual brand-domain mismatch,0,1,1
https://support-axisbank.com,support-axisbank.com,axis.bank.in,Axis Bank,unlabeled,cse_pu_candidates.csv,161,03-05-2026,,,,,local_lexical_candidates,0,0,28,0,0,0,0,1,0,1,4.0836169753972325,0.85,0,0.85,0,0,0,0,axis.bank.in,support-axisbank.com,1,1,198.185.159.144;198.185.159.145;198.49.23.144;198.49.23.145,0,0,8,-1,29,336,6,-1,1,1,1,29,-1,1,1,0,0,1,0,0,0,1,1,0,1,1,c0971063bf981f73,0,0,34d781d6bc86e9ae,0,1,200,,AAAA:NoAnswer;CNAME:NoAnswer,,success,success,success,success,success,skipped,complete,1,1,0,0,0,0,1,0,phishing,visual brand-domain mismatch,0,1,1
https://www.cmsaonline.net/,cmsaonline.net,camsonline.com,Computer Age Management Services Ltd. (CAMS),unlabeled,cse_pu_candidates.csv,163,03-05-2026,,,,,local_lexical_candidates,0,0,27,1,0,0,0,0,0,0,3.828237501842955,0.9,2,0.9,0,0,1,0,camsonline.com,cmsaonline.net,1,1,104.16.158.133;104.16.159.133;104.18.189.233;104.18.190.233,0,0,6,-1,8129,272,8,-1,0,1,1,0,-1,1,1,0,0,1,1,0,0,1,1,1,1,1,eb2994b0cbcb9c98,0,0,9b2d01be3cc64b4a,0,1,200,,AAAA:NoAnswer;CNAME:NoAnswer,,success,success,success,success,success,skipped,complete,1,0,0,0,0,0,1,0,phishing,visual brand-domain mismatch,0,1,1
https://www.hugedomains.com/domain_profile.cfm?d=amsif.com,hugedomains.com,npr.gov.in,npr,unlabeled,cse_pu_candidates.csv,164,03-05-2026,,,,,local_lexical_candidates,0,0,58,1,0,0,0,0,0,3,4.368263271094675,0.6,2,0.6,0,0,1,0,homeloans.sbi,hugedomains.com,1,1,49.205.171.201,0,0,8,-1,8220,2373,6,-1,0,0,0,-1,-1,1,1,0,0,1,1,0,0,0,1,0,0,0,c3314fc4cce49b99,0,0,34d8089d0d422396,0,1,200,,AAAA:NoAnswer;CNAME:NoAnswer,ConnectionResetError,success,success,error,success,success,skipped,partial,0,0,1,0,0,0,0,0,below_high_lexical_threshold,lexical_similarity_score < 0.75,0,0,0
https://airtellix.com,airtellix.com,airindia.com,Air India,unlabeled,cse_pu_candidates.csv,165,03-05-2026,,,,,local_lexical_candidates,0,0,21,0,0,0,0,0,0,0,3.880179922675738,0.85,0,0.85,0,0,0,0,airindia.com,airtellix.com,1,1,86.105.245.69,0,0,6,-1,2953,334,8,-1,0,1,0,-1,-1,1,1,1,0,1,1,0,0,1,0,0,1,1,e4b81ac33b256ec6,0,0,a2bc5015ec9643c2,0,1,200,,AAAA:NoAnswer;CNAME:NoAnswer,SSLCertVerificationError,success,success,invalid,success,success,skipped,partial,1,0,0,0,0,0,1,0,phishing,visual brand-domain mismatch,0,1,1
https://avikfintech.com,avikfintech.com,kfintech.com,Kfintech,unlabeled,cse_pu_candidates.csv,166,03-05-2026,,,,,local_lexical_candidates,0,0,23,0,0,0,0,0,0,0,3.9690016298759927,0.888889,0,0.888889,0,0,0,0,kfintech.com,avikfintech.com,1,1,118.139.179.107,0,0,6,-1,28,337,8,-1,0,1,0,-1,-1,1,1,0,0,1,1,0,0,1,1,1,1,1,,0,0,2650a59119124b63,0,1,200,,AAAA:NoAnswer;CNAME:NoAnswer,SSLCertVerificationError,success,success,invalid,success,success,skipped,partial,1,0,0,0,0,0,1,0,phishing,visual brand-domain mismatch,0,1,1
https://axis-vfx.com,axis-vfx.com,axis.bank.in,Axis Bank,unlabeled,cse_pu_candidates.csv,167,03-05-2026,,,,,local_lexical_candidates,0,0,20,0,0,0,0,1,0,1,3.9219280948873627,0.85,0,0.85,0,0,0,0,axis.bank.in,axis-vfx.com,1,1,104.21.3.200;172.67.131.39;2606:4700:3033::6815:3c8;2606:4700:3034::ac43:8327,0,0,8,-1,4836,277,4,-1,0,1,1,27,-1,1,1,0,0,1,0,0,0,0,0,0,0,0,,0,0,1e5a41f6f75e5bbe,0,1,200,,CNAME:NoAnswer,,success,success,success,success,success,skipped,complete,1,1,1,0,0,1,0,0,suspected_active_no_phish_evidence,active page without login form or brand visual claim,0,1,0
https://axisfx.com,axisfx.com,axismf.com,,unlabeled,cse_pu_candidates.csv,168,03-05-2026,,,,,local_lexical_candidates,0,0,18,0,0,0,0,0,0,0,3.725480556997868,0.9,2,0.9,0,0,1,0,axismf.com,axisfx.com,1,1,3.109.24.245,0,0,8,-1,4533,215,8,-1,0,1,1,40,-1,1,1,1,0,1,1,0,0,0,1,0,0,0,c13614cb47cb5736,0,0,5fd9091519c33b32,0,1,200,,AAAA:NoAnswer;CNAME:NoAnswer,,success,success,success,success,success,skipped,complete,1,0,1,0,0,0,0,0,suspected_unconfirmed,high lexical similarity but insufficient phishing evidence,0,1,0
https://cerebit.online,cerebit.online,rebit.org.in,Reserve Bank of India (RBI),unlabeled,cse_pu_candidates.csv,169,03-05-2026,,,,,local_lexical_candidates,0,0,22,0,0,0,0,0,0,0,3.7544418457133455,0.85,0,0.85,0,0,0,0,rebit.org.in,cerebit.online,1,1,198.54.120.64,0,0,6,-1,189,176,4,-1,0,1,0,-1,-1,1,1,0,0,1,1,0,0,0,1,0,0,0,cc31649971ee519b,0,0,f6e1dfb696d32dd5,0,2,200,,AAAA:NoAnswer;CNAME:NoAnswer,SSLCertVerificationError,success,success,invalid,success,success,skipped,partial,1,0,1,0,0,0,0,0,suspected_unconfirmed,high lexical similarity but insufficient phishing evidence,0,1,0
https://clound.io.vn,clound.io.vn,cloud.gov.in,,unlabeled,cse_pu_candidates.csv,170,03-05-2026,,,,,local_lexical_candidates,0,0,20,0,0,0,0,0,0,0,3.8219280948873626,0.909091,1,0.909091,0,0,1,0,cloud.gov.in,clound.io.vn,1,1,104.21.16.194;172.67.215.146;2606:4700:3030::ac43:d792;2606:4700:3032::6815:10c2,0,0,-1,-1,-1,-1,-1,-1,0,1,1,29,-1,0,0,0,0,0,0,0,0,1,0,0,1,1,,0,0,ab5ecffa1d6f39b9,0,1,530,,CNAME:NoAnswer,,success,http_530,success,success,unavailable,error,partial,1,1,0,0,1,0,1,0,phishing,visual brand-domain mismatch,0,1,1
https://corebit.systems,corebit.systems,crsorgi.gov.in,"Civil Registration System, MHA (RGCCI)",unlabeled,cse_pu_candidates.csv,171,03-05-2026,,,,,local_lexical_candidates,0,0,23,0,0,0,0,0,0,0,3.653996738665709,0.85,0,0.85,0,0,0,0,crsorgi.gov.in,corebit.systems,1,1,172.234.24.211;172.239.57.117,0,0,6,-1,757,338,4,-1,1,1,1,27,-1,1,1,0,0,1,0,0,0,0,0,0,0,0,,0,0,d6651e40ec1d53eb,0,11,200,,AAAA:NoAnswer;CNAME:NoAnswer,,success,success,success,success,success,skipped,complete,1,1,1,0,0,1,0,0,suspected_active_no_phish_evidence,active page without login form or brand visual claim,0,1,0
https://famsonline.com,famsonline.com,camsonline.com,Computer Age Management Services Ltd. (CAMS),unlabeled,cse_pu_candidates.csv,172,03-05-2026,,,,,local_lexical_candidates,0,0,22,0,0,0,0,0,0,0,3.9139770731827523,0.928571,1,0.928571,0,0,1,0,camsonline.com,famsonline.com,1,1,204.11.56.37,0,0,6,-1,392,338,6,-1,0,1,1,20,-1,1,1,0,0,1,0,0,0,1,1,1,1,1,949e6c9f03d899c5,0,0,ad2e89119a75f9e4,0,1,200,,AAAA:NoAnswer;CNAME:NoAnswer,,success,success,success,success,success,skipped,complete,1,1,0,0,0,0,1,0,phishing,visual brand-domain mismatch,0,1,1
https://imagicbaroda.com,imagicbaroda.com,bankofbaroda.bank.in,Bank of Baroda,unlabeled,cse_pu_candidates.csv,178,03-05-2026,,,,,local_lexical_candidates,0,0,24,0,0,0,0,0,0,0,3.886842188131012,0.85,0,0.85,0,0,0,0,bankofbaroda.bank.in,imagicbaroda.com,1,1,104.21.56.217;172.67.136.237;2606:4700:3032::ac43:88ed;2606:4700:3033::6815:38d9,0,0,8,-1,3425,227,8,-1,0,1,1,28,-1,1,1,0,0,1,1,0,0,1,1,1,1,1,,0,0,f606932d8d3c5659,0,1,200,,CNAME:NoAnswer,,success,success,success,success,success,skipped,complete,1,0,0,0,0,0,1,0,phishing,visual brand-domain mismatch,0,1,1
https://jeiyo.com,jeiyo.com,jio.com,Jio,unlabeled,cse_pu_candidates.csv,179,03-05-2026,,,,,local_lexical_candidates,0,0,17,0,0,0,0,0,0,0,3.7345216647797517,0.875,2,0.875,0,0,1,0,jio.com,jeiyo.com,1,1,172.234.24.211;172.239.57.117,0,0,6,-1,395,335,4,-1,1,1,1,30,-1,1,1,0,0,1,0,0,0,0,0,0,0,0,,0,0,d6651e40ec1d53eb,0,11,200,,AAAA:NoAnswer;CNAME:NoAnswer,,success,success,success,success,success,skipped,complete,1,1,1,0,0,1,0,0,suspected_active_no_phish_evidence,active page without login form or brand visual claim,0,1,0
https://jfido.com,jfido.com,jio.com,Jio,unlabeled,cse_pu_candidates.csv,180,03-05-2026,,,,,local_lexical_candidates,0,0,17,0,0,0,0,0,0,0,3.7345216647797517,0.875,2,0.875,0,0,1,0,jio.com,jfido.com,1,1,104.21.11.207;172.67.192.162;2606:4700:3032::ac43:c0a2;2606:4700:3037::6815:bcf,0,0,8,-1,2146,410,6,-1,0,1,1,28,-1,1,1,0,0,1,0,0,0,0,0,0,0,0,,0,0,700c11cc38cbc638,0,1,200,,CNAME:NoAnswer,,success,success,success,success,success,skipped,complete,1,1,1,0,0,1,0,0,suspected_active_no_phish_evidence,active page without login form or brand visual claim,0,1,0
https://nigamjyoti.com,nigamjyoti.com,bsnl.co.in,Bharat Sanchar Nigam Limited (BSNL),unlabeled,cse_pu_candidates.csv,183,03-05-2026,,,,,local_lexical_candidates,0,0,22,0,0,0,0,0,0,0,3.8796640049025943,0.85,0,0.85,0,0,0,0,bsnl.co.in,nigamjyoti.com,1,1,104.21.35.115;172.67.219.58;2606:4700:3031::ac43:db3a;2606:4700:3037::6815:2373,0,0,8,-1,227,138,4,-1,0,1,1,27,-1,1,1,1,0,1,1,0,0,1,1,1,1,1,,0,0,681a295a96da4abb,0,1,200,,CNAME:NoAnswer,,success,success,success,success,success,skipped,complete,1,0,0,0,0,0,1,0,phishing,visual brand-domain mismatch,0,1,1
https://oneairtel.com,oneairtel.com,airindia.com,Air India,unlabeled,cse_pu_candidates.csv,184,03-05-2026,,,,,local_lexical_candidates,0,0,21,0,0,0,0,0,0,0,3.880179922675738,0.85,0,0.85,0,0,0,0,airindia.com,oneairtel.com,1,1,2a02:4780:1f:f314:8b75:b8c3:5894:4b56;2a02:4780:20:1e47:554f:7faa:a1ac:222e;91.108.106.175;93.127.173.16,0,0,4,-1,38,327,6,-1,0,1,1,38,-1,1,1,0,0,1,0,0,0,1,0,0,1,1,,0,0,9dc310c6c7203493,0,1,200,,CNAME:NoAnswer,,success,success,success,success,success,skipped,complete,1,1,0,0,0,0,1,0,phishing,visual brand-domain mismatch,0,1,1
https://parivahan-sewa.com,parivahan-sewa.com,parivahan.gov.in,parivahan sewa,unlabeled,cse_pu_candidates.csv,186,03-05-2026,,,,,local_lexical_candidates,0,0,26,0,0,0,0,1,0,1,4.0081320258334,0.85,0,0.85,0,0,0,0,parivahan.gov.in,parivahan-sewa.com,1,1,172.234.24.211;172.239.57.117,0,0,6,-1,760,335,4,-1,1,1,1,30,-1,1,1,0,0,1,0,0,0,0,0,0,0,0,,0,0,d6651e40ec1d53eb,0,11,200,,AAAA:NoAnswer;CNAME:NoAnswer,,success,success,success,success,success,skipped,complete,1,1,1,0,0,1,0,0,suspected_active_no_phish_evidence,active page without login form or brand visual claim,0,1,0
https://parivahansewaportal.net,parivahansewaportal.net,parivahan.gov.in,parivahan sewa,unlabeled,cse_pu_candidates.csv,187,03-05-2026,,,,,local_lexical_candidates,0,0,31,0,0,0,0,0,0,0,3.7811470208191245,0.85,0,0.85,0,0,0,0,parivahan.gov.in,parivahansewaportal.net,1,1,104.21.84.210;172.67.197.37;2606:4700:3037::6815:54d2;2606:4700:3037::ac43:c525,0,0,8,-1,166,199,4,-1,0,1,1,29,-1,1,1,0,0,1,1,0,0,1,1,1,1,1,c939cd393725c88d,0,0,24fb83dcbd80ca72,0,1,200,,CNAME:NoAnswer,,success,success,success,success,success,skipped,complete,1,0,0,0,0,0,1,0,phishing,visual brand-domain mismatch,0,1,1
https://promovodafone.com,promovodafone.com,myvi.in,Vodafone Idea (VI),unlabeled,cse_pu_candidates.csv,188,03-05-2026,,,,,local_lexical_candidates,0,0,25,0,0,0,0,0,0,0,3.8594705707972525,0.85,0,0.85,0,0,0,0,myvi.in,promovodafone.com,1,1,51.255.132.41,0,0,6,-1,2588,334,6,-1,0,1,0,-1,-1,0,0,0,0,0,0,0,0,0,1,0,0,0,f8189e63cf989364,0,0,040fe50804a13f55,0,1,404,,AAAA:NoAnswer;CNAME:NoAnswer,SSLCertVerificationError,success,http_404,invalid,success,success,skipped,partial,1,1,1,0,1,0,0,0,suspected_active_infra,DNS active but page fetch failed,0,1,0
https://rahinigam.com,rahinigam.com,bsnl.co.in,Bharat Sanchar Nigam Limited (BSNL),unlabeled,cse_pu_candidates.csv,189,03-05-2026,,,,,local_lexical_candidates,0,0,21,0,0,0,0,0,0,0,3.8208888513501886,0.85,0,0.85,0,0,0,0,bsnl.co.in,rahinigam.com,1,1,23.21.157.88;23.21.234.173,0,0,6,-1,2219,337,4,-1,0,1,1,30,-1,1,1,0,0,1,0,0,0,1,0,0,1,1,c3e1394c263e6d93,0,0,a8ddde71a992d963,0,1,200,,AAAA:NoAnswer;CNAME:NoAnswer,,success,success,success,success,success,skipped,complete,1,1,0,0,0,0,1,0,phishing,visual brand-domain mismatch,0,1,1
https://scisocaiims.com,scisocaiims.com,aiims.edu,All India Institute of Medical Sciences (AIIMS),unlabeled,cse_pu_candidates.csv,191,03-05-2026,,,,,local_lexical_candidates,0,0,23,0,0,0,0,0,0,0,3.4144413036949723,0.85,0,0.85,0,0,0,0,aiims.edu,scisocaiims.com,1,1,172.234.24.211;172.239.57.117,0,0,6,-1,760,335,4,-1,1,1,1,30,-1,1,1,0,0,1,0,0,0,0,0,0,0,0,,0,0,d6651e40ec1d53eb,0,11,200,,AAAA:NoAnswer;CNAME:NoAnswer,,success,success,success,success,success,skipped,complete,1,1,1,0,0,1,0,0,suspected_active_no_phish_evidence,active page without login form or brand visual claim,0,1,0
https://aiimscoaching.com,aiimscoaching.com,aiims.edu,All India Institute of Medical Sciences (AIIMS),unlabeled,cse_pu_candidates.csv,195,03-05-2026,,,,,local_lexical_candidates,0,0,25,0,0,0,0,0,0,0,3.7034651896016477,0.85,0,0.85,0,0,0,0,aiims.edu,aiimscoaching.com,1,1,13.248.243.5;76.223.105.230,0,0,6,-1,27,338,8,8,1,1,1,27,-1,1,1,0,0,1,0,0,0,1,0,0,1,1,969738de61618667,0,0,34c78bc65c2b35b5,0,1,200,,AAAA:NoAnswer;CNAME:NoAnswer,,success,success,success,success,success,skipped,complete,1,1,0,0,0,0,1,0,phishing,visual brand-domain mismatch,0,1,1
https://airindiexpress.com,airindiexpress.com,airindiaexpress.com,,unlabeled,cse_pu_candidates.csv,196,03-05-2026,,,,,local_lexical_candidates,0,0,26,0,0,0,0,0,0,0,3.95006375643621,0.972973,1,0.972973,0,0,1,0,airindiaexpress.com,airindiexpress.com,1,1,103.224.212.121,0,0,6,-1,1123,338,4,-1,0,1,1,27,-1,1,1,0,0,1,0,0,0,0,0,0,0,0,,0,0,60ed2b1d90cc179c,0,1,200,,AAAA:NoAnswer;CNAME:NoAnswer,,success,success,success,success,success,skipped,complete,1,1,1,0,0,1,0,0,suspected_active_no_phish_evidence,active page without login form or brand visual claim,0,1,0
https://airtelblack.online,airtelblack.online,airindia.com,Air India,unlabeled,cse_pu_candidates.csv,197,03-05-2026,,,,,local_lexical_candidates,0,0,26,0,0,0,0,0,0,0,3.95006375643621,0.85,0,0.85,0,0,0,0,airindia.com,airtelblack.online,1,1,2.57.91.91,0,0,4,-1,35,330,6,4,1,1,1,35,-1,1,1,0,0,1,0,0,0,0,0,0,0,0,,0,0,62d827012f87b261,0,5,200,,AAAA:NoAnswer;CNAME:NoAnswer,,success,success,success,success,success,skipped,complete,1,1,1,0,0,1,0,0,suspected_active_no_phish_evidence,active page without login form or brand visual claim,0,1,0
https://axionsm.com,axionsm.com,axismf.com,,unlabeled,cse_pu_candidates.csv,198,03-05-2026,,,,,local_lexical_candidates,0,0,19,0,0,0,0,0,0,0,3.7216117239699016,0.857143,3,0.857143,0,0,1,0,axismf.com,axionsm.com,1,1,176.62.166.129,0,0,6,-1,27,338,6,-1,0,1,0,-1,-1,1,1,0,0,1,0,0,0,0,0,0,0,0,,0,0,16e906df30abd1e2,0,1,200,,AAAA:NoAnswer;CNAME:NoAnswer,SSLCertVerificationError,success,success,invalid,success,success,skipped,partial,1,1,1,0,0,1,0,0,suspected_active_no_phish_evidence,active page without login form or brand visual claim,0,1,0
https://axisvale.com,axisvale.com,axis.bank.in,Axis Bank,unlabeled,cse_pu_candidates.csv,201,03-05-2026,,,,,local_lexical_candidates,0,0,20,0,0,0,0,0,0,0,3.9219280948873627,0.85,0,0.85,0,0,0,0,axis.bank.in,axisvale.com,1,1,2.57.91.91,0,0,4,-1,27,338,6,4,1,1,1,27,-1,1,1,0,0,1,0,0,0,0,0,0,0,0,,0,0,62d827012f87b261,0,5,200,,AAAA:NoAnswer;CNAME:NoAnswer,,success,success,success,success,success,skipped,complete,1,1,1,0,0,1,0,0,suspected_active_no_phish_evidence,active page without login form or brand visual claim,0,1,0
https://barodalocal.in,barodalocal.in,bankofbaroda.bank.in,Bank of Baroda,unlabeled,cse_pu_candidates.csv,202,03-05-2026,,,,,local_lexical_candidates,0,0,22,0,0,0,0,0,0,0,3.8796640049025943,0.85,0,0.85,0,0,0,0,bankofbaroda.bank.in,barodalocal.in,1,1,104.21.59.161;172.67.180.233;2606:4700:3033::6815:3ba1;2606:4700:3037::ac43:b4e9,0,0,8,-1,29,336,8,-1,0,1,1,0,-1,1,1,0,0,1,1,0,0,1,1,1,1,1,,0,0,1d37881f07d4f351,0,1,200,,CNAME:NoAnswer,,success,success,success,success,success,skipped,complete,1,0,0,0,0,0,1,0,phishing,visual brand-domain mismatch,0,1,1
https://barodastud.com,barodastud.com,bankofbaroda.bank.in,Bank of Baroda,unlabeled,cse_pu_candidates.csv,203,03-05-2026,,,,,local_lexical_candidates,0,0,22,0,0,0,0,0,0,0,3.7887549139935035,0.85,0,0.85,0,0,0,0,bankofbaroda.bank.in,barodastud.com,1,1,198.185.159.144;198.185.159.145;198.49.23.144;198.49.23.145,0,0,6,-1,5872,337,8,-1,1,1,1,59,-1,1,1,1,0,1,1,0,0,1,1,1,1,1,859d3fd83db09261,0,0,663a19f74ba0433b,0,1,200,,AAAA:NoAnswer;CNAME:NoAnswer,,success,success,success,success,success,skipped,complete,1,0,0,0,0,0,1,0,phishing,visual brand-domain mismatch,0,1,1
https://bismcard.com,bismcard.com,sbicard.com,,unlabeled,cse_pu_candidates.csv,204,03-05-2026,,,,,local_lexical_candidates,0,0,20,0,0,0,0,0,0,0,3.8219280948873626,0.869565,3,0.869565,0,0,1,0,sbicard.com,bismcard.com,1,1,194.147.93.236,0,0,6,-1,2949,338,6,-1,0,1,1,55,-1,1,1,0,0,1,0,0,0,0,1,0,0,0,,0,0,f8afbf9efd13ad72,0,1,200,,AAAA:NoAnswer;CNAME:NoAnswer,,success,success,success,success,success,skipped,complete,1,1,1,0,0,1,0,0,suspected_active_no_phish_evidence,active page without login form or brand visual claim,0,1,0
https://champsonline.info,champsonline.info,camsonline.com,Computer Age Management Services Ltd. (CAMS),unlabeled,cse_pu_candidates.csv,205,03-05-2026,,,,,local_lexical_candidates,0,0,25,0,0,0,0,0,0,0,3.8936606896881862,0.909091,2,0.909091,0,0,1,0,camsonline.com,champsonline.info,1,1,69.13.134.4,0,0,6,-1,5140,338,8,-1,0,1,1,34,-1,1,1,1,0,1,0,0,0,1,1,1,1,1,879f40e34a6738d9,0,0,56ec4b7a18860aba,0,1,200,,AAAA:NoAnswer;CNAME:NoAnswer,,success,success,success,success,success,skipped,complete,1,1,0,0,0,0,1,0,phishing,visual brand-domain mismatch,0,1,1
https://cmsonline.com,cmsonline.com,camsonline.com,Computer Age Management Services Ltd. (CAMS),unlabeled,cse_pu_candidates.csv,206,03-05-2026,,,,,local_lexical_candidates,0,0,21,0,0,0,0,0,0,0,3.7256507561120933,0.962963,1,0.962963,0,0,1,0,camsonline.com,cmsonline.com,1,1,35.215.111.24,0,0,8,-1,8762,369,6,-1,0,1,1,26,-1,0,0,0,0,0,0,0,0,1,0,0,1,1,,0,0,0888e9a1b30cb851,0,1,403,,AAAA:NoAnswer;CNAME:NoAnswer,,success,http_403,success,success,success,skipped,partial,1,1,0,0,1,0,1,0,phishing,visual brand-domain mismatch,0,1,1
https://crsorgi-govi.com,crsorgi-govi.com,ana.crsorgi.gov.in,ana crs,unlabeled,cse_pu_candidates.csv,207,03-05-2026,,,,,local_lexical_candidates,0,0,24,0,0,0,0,1,0,1,3.8035088547976783,0.85,0,0.85,0,0,0,0,ana.crsorgi.gov.in,crsorgi-govi.com,1,1,172.233.219.123;172.233.219.49;172.233.219.78;172.237.146.25;172.237.146.38;172.237.146.8,0,0,6,-1,1491,335,8,-1,1,1,1,49,-1,1,1,0,0,1,0,0,0,0,0,0,0,0,,0,0,d6651e40ec1d53eb,0,11,200,,AAAA:NoAnswer;CNAME:NoAnswer,,success,success,success,success,success,skipped,complete,1,1,1,0,0,1,0,0,suspected_active_no_phish_evidence,active page without login form or brand visual claim,0,1,0
https://govcloud.org,govcloud.org,accounts.mgovcloud.in,,unlabeled,cse_pu_candidates.csv,208,03-05-2026,,,,,local_lexical_candidates,0,0,20,0,0,0,0,0,0,0,3.784183719779189,0.941176,1,0.941176,0,0,1,0,accounts.mgovcloud.in,govcloud.org,1,1,44.232.173.249;52.40.42.113,0,0,6,-1,1938,253,6,-1,0,1,1,3,-1,1,1,0,0,1,0,0,0,0,1,0,0,0,eae8c2c09d8fb0f8,0,0,30d50f9768e1b2e3,0,1,200,,AAAA:NoAnswer;CNAME:NoAnswer,,success,success,success,success,success,skipped,complete,1,1,1,0,0,1,0,0,suspected_active_no_phish_evidence,active page without login form or brand visual claim,0,1,0
https://homeloanscl.sbs,homeloanscl.sbs,homeloans.sbi,,unlabeled,cse_pu_candidates.csv,209,03-05-2026,,,,,local_lexical_candidates,0,0,23,0,0,0,0,0,0,0,3.740953260404839,0.9,0,0.9,0,0,0,0,homeloans.sbi,homeloanscl.sbs,1,1,103.224.212.204,0,0,6,-1,395,335,6,-1,0,1,1,30,-1,1,1,0,0,1,0,0,0,1,0,0,1,1,,0,0,ceab3e0f8efd13bf,0,1,200,,AAAA:NoAnswer;CNAME:NoAnswer,,success,success,success,success,success,skipped,complete,1,1,0,0,0,0,1,0,phishing,visual brand-domain mismatch,0,1,1
https://iciciservices.com,iciciservices.com,icici.bank.in,ICICI Bank,unlabeled,cse_pu_candidates.csv,224,03-05-2026,,,,,local_lexical_candidates,0,0,25,0,0,0,0,0,0,0,3.573660689688186,0.85,0,0.85,0,0,0,0,icici.bank.in,iciciservices.com,1,1,69.57.172.149,0,0,6,-1,423,307,8,-1,0,1,1,27,-1,0,0,0,0,0,0,0,0,0,0,0,0,0,,0,0,fa34301adc85c796,0,1,404,,AAAA:NoAnswer;CNAME:NoAnswer,,success,http_404,success,success,success,skipped,partial,1,1,1,0,1,0,0,0,suspected_active_infra,DNS active but page fetch failed,0,1,0
https://ideabank.marketing,ideabank.marketing,myvi.in,Vodafone Idea (VI),unlabeled,cse_pu_candidates.csv,228,03-05-2026,,,,,local_lexical_candidates,0,0,26,0,0,0,0,0,0,0,3.95006375643621,0.85,0,0.85,0,0,0,0,myvi.in,ideabank.marketing,1,1,104.21.42.196;172.67.165.142;2606:4700:3030::ac43:a58e;2606:4700:3035::6815:2ac4,0,0,8,-1,4296,87,8,-1,0,1,1,27,-1,1,1,0,0,1,0,0,0,0,0,0,0,0,,0,0,fc560b7a094551aa,0,1,200,,CNAME:NoAnswer,,success,success,success,success,success,skipped,complete,1,1,1,0,0,1,0,0,suspected_active_no_phish_evidence,active page without login form or brand visual claim,0,1,0
https://jineo.com,jineo.com,jio.com,Jio,unlabeled,cse_pu_candidates.csv,230,03-05-2026,,,,,local_lexical_candidates,0,0,17,0,0,0,0,0,0,0,3.7345216647797517,0.875,1,0.875,0,0,1,0,jio.com,jineo.com,1,1,5.181.161.21,0,0,6,-1,6236,338,8,-1,0,1,0,-1,-1,0,0,0,0,0,0,0,0,0,1,0,0,0,,0,0,e690d54b1c3222d6,0,1,404,,AAAA:NoAnswer;CNAME:NoAnswer,SSLCertVerificationError,success,http_404,invalid,success,success,skipped,partial,1,1,1,0,1,0,0,0,suspected_active_infra,DNS active but page fetch failed,0,1,0
https://nigams.info,nigams.info,bsnl.co.in,Bharat Sanchar Nigam Limited (BSNL),unlabeled,cse_pu_candidates.csv,233,03-05-2026,,,,,local_lexical_candidates,0,0,19,0,0,0,0,0,0,0,3.7216117239699016,0.85,0,0.85,0,0,0,0,bsnl.co.in,nigams.info,1,1,185.40.18.218,0,0,6,-1,241,124,4,-1,0,1,0,-1,-1,1,1,0,0,1,1,0,0,1,1,1,1,1,,0,0,6fb14a1218cb8a62,0,1,200,,AAAA:NoAnswer;CNAME:NoAnswer,SSLCertVerificationError,success,success,invalid,success,success,skipped,partial,1,0,0,0,0,0,1,0,phishing,visual brand-domain mismatch,0,1,1
https://onairtel.com,onairtel.com,airindia.com,Air India,unlabeled,cse_pu_candidates.csv,234,03-05-2026,,,,,local_lexical_candidates,0,0,20,0,0,0,0,0,0,0,3.8841837197791893,0.857143,0,0.857143,0,0,0,0,airtel.in,onairtel.com,1,1,198.54.120.231,0,0,6,-1,2949,338,8,-1,0,1,1,348,-1,1,1,0,0,1,1,0,0,1,1,1,1,1,ef699094c5c93b92,0,0,f5ed0bdacdbe01a2,0,1,200,,AAAA:NoAnswer;CNAME:NoAnswer,,success,success,success,success,success,skipped,complete,1,0,0,0,0,0,1,0,phishing,visual brand-domain mismatch,0,1,1
https://rebitrental.com,rebitrental.com,rebit.org.in,Reserve Bank of India (RBI),unlabeled,cse_pu_candidates.csv,237,03-05-2026,,,,,local_lexical_candidates,0,0,23,0,0,0,0,0,0,0,3.9148663038831,0.85,0,0.85,0,0,0,0,rebit.org.in,rebitrental.com,1,1,85.208.102.81,0,0,6,-1,2949,338,6,-1,0,1,1,48,-1,1,1,0,0,1,0,0,0,1,0,0,1,1,,0,0,e97c991ab5d1fe34,0,1,200,,AAAA:NoAnswer;CNAME:NoAnswer,,success,success,success,success,success,skipped,complete,1,1,0,0,0,0,1,0,phishing,visual brand-domain mismatch,0,1,1
https://sbillc.acnibo.com/us-en/homepage,sbillc.acnibo.com,camsonline.com,Computer Age Management Services Ltd. (CAMS),unlabeled,cse_pu_candidates.csv,238,03-05-2026,,,,,local_lexical_candidates,0,0,40,2,0,0,0,0,0,1,4.146439344671016,0.85,0,0.85,1,1,1,1,onlinesbi.sbi.bank.in,acnibo.com,1,1,18.164.188.125;18.164.188.64;18.164.188.9;18.164.188.96,0,0,8,-1,5451,393,6,-1,0,1,1,74,-1,0,0,0,0,0,0,0,0,0,0,0,0,0,,0,0,39fde90abf23bca6,0,1,403,,AAAA:NoAnswer;CNAME:NoAnswer,,success,http_403,success,success,success,skipped,partial,1,1,1,0,1,0,0,0,suspected_active_infra,DNS active but page fetch failed,0,1,0
https://sewata.click,sewata.click,parivahan.gov.in,parivahan sewa,unlabeled,cse_pu_candidates.csv,239,03-05-2026,,,,,local_lexical_candidates,0,0,20,0,0,0,0,0,0,0,3.684183719779189,0.85,0,0.85,0,0,0,0,parivahan.gov.in,sewata.click,1,1,104.21.47.212;172.67.172.173;2606:4700:3031::6815:2fd4;2606:4700:3031::ac43:acad,0,0,8,-1,26,339,6,-1,0,1,1,26,-1,0,0,0,0,0,0,0,0,0,0,0,0,0,,0,0,f5377ba677eb9f99,0,1,403,,CNAME:NoAnswer,,success,http_403,success,success,success,skipped,partial,1,1,1,0,1,0,0,0,suspected_active_infra,DNS active but page fetch failed,0,1,0
https://sunbit.com/card/,sunbit.com,pnbint.com,,unlabeled,cse_pu_candidates.csv,240,03-05-2026,,,,,local_lexical_candidates,0,0,24,2,0,0,1,0,0,0,3.886842188131012,0.8,3,0.8,0,0,1,0,pnbint.com,sunbit.com,1,1,141.193.213.20;141.193.213.21,0,0,8,-1,8960,313,6,-1,0,1,1,38,-1,0,0,0,0,0,0,0,0,0,0,0,0,0,,0,0,00fd90835fe24224,0,1,403,,AAAA:NoAnswer;CNAME:NoAnswer,,success,http_403,success,success,success,skipped,partial,1,1,1,0,1,0,0,0,suspected_active_infra,DNS active but page fetch failed,0,1,0
https://uz-crebit.com,uz-crebit.com,rebit.org.in,Reserve Bank of India (RBI),unlabeled,cse_pu_candidates.csv,241,03-05-2026,,,,,local_lexical_candidates,0,0,21,0,0,0,1,1,0,1,3.9754180179138334,0.85,0,0.85,0,0,0,0,rebit.org.in,uz-crebit.com,1,1,172.234.24.211;172.239.57.117,0,0,6,-1,394,336,4,-1,1,1,1,29,-1,1,1,0,0,1,0,0,0,0,0,0,0,0,,0,0,d6651e40ec1d53eb,0,11,200,,AAAA:NoAnswer;CNAME:NoAnswer,,success,success,success,success,success,skipped,complete,1,1,1,0,0,1,0,0,suspected_active_no_phish_evidence,active page without login form or brand visual claim,0,1,0
https://cias-online.com,cias-online.com,camsonline.com,Computer Age Management Services Ltd. (CAMS),unlabeled,cse_pu_candidates.csv,245,03-05-2026,,,,,local_lexical_candidates,0,0,23,0,0,0,0,1,0,1,3.9148663038831,0.9,2,0.9,0,0,1,0,camsonline.com,cias-online.com,1,1,212.58.77.68,0,0,6,-1,6601,338,6,-1,0,1,0,-1,-1,1,1,1,0,1,0,0,0,1,1,1,1,1,c4ce7b6521131f2d,0,0,665d7246fa9566f6,0,1,200,,AAAA:NoAnswer;CNAME:NoAnswer,SSLCertVerificationError,success,success,invalid,success,success,skipped,partial,1,1,0,0,0,0,1,0,phishing,visual brand-domain mismatch,0,1,1
https://icici.financial,icici.financial,icici.bank.in,ICICI Bank,unlabeled,cse_pu_candidates.csv,249,03-05-2026,,,,,local_lexical_candidates,0,0,23,0,0,0,0,0,0,0,3.4642346527265664,0.85,0,0.85,0,0,0,0,icici.bank.in,icici.financial,1,1,2.57.91.91,0,0,4,-1,23,342,6,4,1,1,1,23,-1,1,1,0,0,1,0,0,0,0,0,0,0,0,,0,0,62d827012f87b261,0,5,200,,AAAA:NoAnswer;CNAME:NoAnswer,,success,success,success,success,success,skipped,complete,1,1,1,0,0,1,0,0,suspected_active_no_phish_evidence,active page without login form or brand visual claim,0,1,0
https://inocal.com,inocal.com,iocl.com,Indian Oil Corporation Limited (IOCL),unlabeled,cse_pu_candidates.csv,251,03-05-2026,,,,,local_lexical_candidates,0,0,18,0,0,0,0,0,0,0,3.725480556997868,0.888889,2,0.888889,0,0,1,0,iocl.com,inocal.com,1,1,85.233.120.230,0,0,6,-1,9523,338,6,-1,0,1,1,39,-1,1,1,0,0,1,1,1,0,0,1,0,0,0,9193426e47bd2e6c,0,0,5dfa9a07ba7b1e37,0,1,200,,AAAA:NoAnswer;CNAME:NoAnswer,,success,success,success,success,success,skipped,complete,1,0,1,0,0,0,0,0,suspected_unconfirmed,high lexical similarity but insufficient phishing evidence,0,1,0
https://jioxe.com,jioxe.com,jio.com,Jio,unlabeled,cse_pu_candidates.csv,252,03-05-2026,,,,,local_lexical_candidates,0,0,17,0,0,0,0,0,0,0,3.7345216647797517,0.875,0,0.875,0,0,0,0,jio.com,jioxe.com,1,1,104.21.13.237;172.67.133.111;2606:4700:3033::6815:ded;2606:4700:3036::ac43:856f,0,0,8,-1,24,341,4,-1,0,1,1,18,-1,1,1,0,0,1,1,0,0,1,1,0,1,1,d0c06f3f3e3994c1,0,0,9e37f2fae8047b03,0,1,200,,CNAME:NoAnswer,,success,success,success,success,success,skipped,complete,1,0,0,0,0,0,1,0,phishing,visual brand-domain mismatch,0,1,1
https://judio.com,judio.com,jio.com,Jio,unlabeled,cse_pu_candidates.csv,253,03-05-2026,,,,,local_lexical_candidates,0,0,17,0,0,0,0,0,0,0,3.7345216647797517,0.875,1,0.875,0,0,1,0,jio.com,judio.com,1,1,103.224.182.246,0,0,6,-1,9889,338,8,-1,0,1,1,27,-1,1,1,0,0,1,0,0,0,0,0,0,0,0,,0,0,66af2b0d946d87be,0,1,200,,AAAA:NoAnswer;CNAME:NoAnswer,,success,success,success,success,success,skipped,complete,1,1,1,0,0,1,0,0,suspected_active_no_phish_evidence,active page without login form or brand visual claim,0,1,0
https://nhagovilla.com,nhagovilla.com,nha.gov.in,National Health Authority (NHA),unlabeled,cse_pu_candidates.csv,255,03-05-2026,,,,,local_lexical_candidates,0,0,22,0,0,0,0,0,0,0,3.9139770731827523,0.85,0,0.85,0,0,0,0,nha.gov.in,nhagovilla.com,1,1,44.227.65.245;44.227.76.166,0,0,6,-1,392,338,4,-1,0,1,1,5,-1,1,1,0,0,1,1,0,1,1,0,0,1,1,c1d9307645dd9077,0,0,8a6b67f82bfdc297,0,1,200,,AAAA:NoAnswer;CNAME:NoAnswer,,success,success,success,success,success,skipped,complete,1,0,0,0,0,0,1,0,phishing,visual brand-domain mismatch,0,1,1
https://nlbaroda.com,nlbaroda.com,bankofbaroda.bank.in,Bank of Baroda,unlabeled,cse_pu_candidates.csv,257,03-05-2026,,,,,local_lexical_candidates,0,0,20,0,0,0,0,0,0,0,3.9219280948873627,0.85,0,0.85,0,0,0,0,bankofbaroda.bank.in,nlbaroda.com,1,1,198.185.159.144;198.185.159.145;198.49.23.144;198.49.23.145,0,0,8,-1,24,341,6,-1,1,1,1,24,-1,1,1,0,0,1,0,0,0,1,1,0,1,1,c0971063bf981f73,0,0,25c381962d88c0be,0,1,200,,AAAA:NoAnswer;CNAME:NoAnswer,,success,success,success,success,success,skipped,complete,1,1,0,0,0,0,1,0,phishing,visual brand-domain mismatch,0,1,1
https://parivahansewan.net,parivahansewan.net,parivahan.gov.in,parivahan sewa,unlabeled,cse_pu_candidates.csv,260,03-05-2026,,,,,local_lexical_candidates,0,0,26,0,0,0,0,0,0,0,3.6423714487439023,0.85,0,0.85,0,0,0,0,parivahan.gov.in,parivahansewan.net,1,1,147.79.69.61;2a02:4780:20:8a24:9c3:27a5:770f:382f;2a02:4780:3d:ca2f:d4f:31fd:3450:dd0d;88.222.243.9,0,0,4,-1,73,292,8,-1,0,1,1,25,-1,1,1,0,0,1,1,0,0,1,1,1,1,1,dbcc8cca32e2cdc8,0,0,47e90bccbee34a7a,0,1,200,,CNAME:NoAnswer,,success,success,success,success,success,skipped,complete,1,0,0,0,0,0,1,0,phishing,visual brand-domain mismatch,0,1,1
https://sanchar-yatra.com,sanchar-yatra.com,bsnl.co.in,Bharat Sanchar Nigam Limited (BSNL),unlabeled,cse_pu_candidates.csv,261,03-05-2026,,,,,local_lexical_candidates,0,0,25,0,0,0,0,1,0,1,3.733660689688186,0.85,0,0.85,0,0,0,0,bsnl.co.in,sanchar-yatra.com,1,1,104.21.61.218;172.67.215.107;2606:4700:3031::6815:3dda;2606:4700:3034::ac43:d76b,0,0,8,-1,397,333,6,-1,0,1,1,37,-1,1,1,0,0,1,1,0,0,1,1,1,1,1,bf33c1c98ce0661e,0,0,8d7c782754dcfea3,0,1,200,,CNAME:NoAnswer,,success,success,success,success,success,skipped,complete,1,0,0,0,0,0,1,0,phishing,visual brand-domain mismatch,0,1,1
https://sbibankalert.online,sbibankalert.online,onlinesbi.sbi.bank.in,,unlabeled,cse_pu_candidates.csv,263,03-05-2026,,,,,local_lexical_candidates,0,0,27,0,0,0,0,0,0,0,3.8841550945958043,0.85,0,0.85,0,0,0,0,onlinesbi.sbi.bank.in,sbibankalert.online,1,1,2.57.91.91,0,0,4,-1,23,342,6,4,1,1,1,23,-1,1,1,0,0,1,0,0,0,0,0,0,0,0,,0,0,62d827012f87b261,0,5,200,,AAAA:NoAnswer;CNAME:NoAnswer,,success,success,success,success,success,skipped,complete,1,1,1,0,0,1,0,0,suspected_active_no_phish_evidence,active page without login form or brand visual claim,0,1,0
https://sdfclife.com,sdfclife.com,hdfclife.com,,unlabeled,cse_pu_candidates.csv,265,03-05-2026,,,,,local_lexical_candidates,0,0,20,0,0,0,0,0,0,0,3.8219280948873626,0.916667,1,0.916667,0,0,1,0,hdfclife.com,sdfclife.com,1,1,69.57.172.207,0,0,6,-1,24,341,6,-1,0,1,1,23,-1,1,1,0,0,1,1,0,0,0,1,0,0,0,,0,0,66da099c48c542b3,0,1,200,,AAAA:NoAnswer;CNAME:NoAnswer,,success,success,success,success,success,skipped,complete,1,0,1,0,0,0,0,0,suspected_unconfirmed,high lexical similarity but insufficient phishing evidence,0,1,0
https://shdfrc.com,shdfrc.com,hdfc.com,,unlabeled,cse_pu_candidates.csv,267,03-05-2026,,,,,local_lexical_candidates,0,0,18,0,0,0,0,0,0,0,3.614369445886757,0.888889,1,0.888889,0,0,1,0,hdfc.com,shdfrc.com,1,1,208.98.40.209,0,0,6,-1,7202,103,6,6,0,0,0,-1,-1,0,0,0,0,0,0,0,0,0,0,0,0,0,,0,0,,0,0,0,TimeoutError,AAAA:NoAnswer;CNAME:NoAnswer,TimeoutError,success,error,error,empty,success,skipped,partial,1,1,1,0,1,0,0,0,suspected_active_infra,DNS active but page fetch failed,0,1,0
https://thdfjc.com,thdfjc.com,hdfc.com,,unlabeled,cse_pu_candidates.csv,268,03-05-2026,,,,,local_lexical_candidates,0,0,18,0,0,0,0,0,0,0,3.57243125132212,0.888889,1,0.888889,0,0,1,0,hdfc.com,thdfjc.com,1,1,104.21.51.240;172.67.191.183;2606:4700:3032::6815:33f0;2606:4700:3037::ac43:bfb7,0,0,8,-1,2970,317,6,-1,0,1,1,9,-1,0,0,0,0,0,0,0,0,0,0,0,0,0,,0,0,b76d09aa7cf613af,0,1,502,,CNAME:NoAnswer,,success,http_502,success,success,success,skipped,partial,1,1,1,0,1,0,0,0,suspected_active_infra,DNS active but page fetch failed,0,1,0
https://whdfsc.com,whdfsc.com,hdfc.com,,unlabeled,cse_pu_candidates.csv,270,03-05-2026,,,,,local_lexical_candidates,0,0,18,0,0,0,0,0,0,0,3.614369445886757,0.888889,1,0.888889,0,0,1,0,hdfc.com,whdfsc.com,1,1,104.21.73.80;172.67.189.23;2606:4700:3035::6815:4950;2606:4700:3035::ac43:bd17,0,0,8,-1,81,284,6,-1,0,1,1,24,-1,0,0,0,0,0,0,0,0,0,0,0,0,0,,0,0,45994cafbdc6639c,0,1,403,,CNAME:NoAnswer,,success,http_403,success,success,success,skipped,partial,1,1,1,0,1,0,0,0,suspected_active_infra,DNS active but page fetch failed,0,1,0
